
[
{
  "model": "project.project",
  "pk": 1,
  "fields": {
    "creator": 3,
    "last_modifier": 3,
    "date_create": "2021-05-28T11:00:00.094",
    "date_last_modify": "2021-05-28T11:00:00.094",
    "ordering": 0,
    "company": 1,
    "referent": null,
    "shared_project": null,
    "name": "Prova",
    "description": "Progetto ristrutturazione della chiesa di Prova",
    "address": "Via della santissima trinit\u00e0 , Bergamo",
    "date_start": "2021-05-29",
    "date_end": "2021-05-31",
    "status": 1,
    "tags": {},
    "logo": "public/project/logo/pr/prova.png",
    "note": ""
  }
},
{
  "model": "project.project",
  "pk": 2,
  "fields": {
    "creator": 4,
    "last_modifier": 4,
    "date_create": "2021-05-31T20:22:32.844",
    "date_last_modify": "2021-05-31T20:22:32.844",
    "ordering": 0,
    "company": 2,
    "referent": null,
    "shared_project": null,
    "name": "Progetto1",
    "description": "Progetto1",
    "address": "Progetto1",
    "date_start": "2021-05-31",
    "date_end": null,
    "status": 1,
    "tags": {},
    "logo": "",
    "note": ""
  }
},
{
  "model": "project.project",
  "pk": 4,
  "fields": {
    "creator": 5,
    "last_modifier": 5,
    "date_create": "2021-06-01T13:28:28.637",
    "date_last_modify": "2021-06-10T19:57:36.395",
    "ordering": 0,
    "company": 3,
    "referent": null,
    "shared_project": null,
    "name": "Villa Chiara",
    "description": "Antica villa degli anni 30 completamente ristrutturata",
    "address": "Via Santa LIberata 11, 24050 Bariano (BG)",
    "date_start": "2021-06-13",
    "date_end": "2021-12-31",
    "status": 1,
    "tags": {},
    "logo": "public/project/logo/vi/villa-chiara.png",
    "note": ""
  }
},
{
  "model": "project.project",
  "pk": 5,
  "fields": {
    "creator": 14,
    "last_modifier": 14,
    "date_create": "2021-06-03T20:28:10.997",
    "date_last_modify": "2021-06-03T20:28:10.997",
    "ordering": 0,
    "company": 7,
    "referent": null,
    "shared_project": null,
    "name": "prova",
    "description": "jjjjjjj",
    "address": "via snta liberata qq",
    "date_start": "2021-06-03",
    "date_end": null,
    "status": 1,
    "tags": {},
    "logo": "",
    "note": ""
  }
},
{
  "model": "project.project",
  "pk": 6,
  "fields": {
    "creator": 11,
    "last_modifier": 11,
    "date_create": "2021-06-03T20:33:38.395",
    "date_last_modify": "2021-06-03T20:33:38.395",
    "ordering": 0,
    "company": 16,
    "referent": null,
    "shared_project": null,
    "name": "profafa",
    "description": "mdamdkasm",
    "address": "viiadaij",
    "date_start": "2021-06-03",
    "date_end": null,
    "status": 1,
    "tags": {},
    "logo": "",
    "note": ""
  }
},
{
  "model": "project.project",
  "pk": 7,
  "fields": {
    "creator": 9,
    "last_modifier": 9,
    "date_create": "2021-06-03T21:09:45.585",
    "date_last_modify": "2021-06-03T21:09:45.585",
    "ordering": 0,
    "company": 18,
    "referent": null,
    "shared_project": null,
    "name": "dfsfdsfs",
    "description": "sdfsdf",
    "address": "sdsfsfd",
    "date_start": "2021-06-03",
    "date_end": null,
    "status": 1,
    "tags": {},
    "logo": "",
    "note": ""
  }
},
{
  "model": "project.project",
  "pk": 8,
  "fields": {
    "creator": 2,
    "last_modifier": 2,
    "date_create": "2021-06-03T22:50:51.087",
    "date_last_modify": "2021-06-03T22:50:51.087",
    "ordering": 0,
    "company": 19,
    "referent": null,
    "shared_project": null,
    "name": "Progetto Carolini",
    "description": "via san Giovanni Bosco 3",
    "address": "via san Giovanni Bosco 3\\",
    "date_start": "2021-06-04",
    "date_end": "2021-06-30",
    "status": 1,
    "tags": {},
    "logo": "",
    "note": "NOte"
  }
},
{
  "model": "project.project",
  "pk": 9,
  "fields": {
    "creator": 12,
    "last_modifier": 12,
    "date_create": "2021-06-03T23:11:24.231",
    "date_last_modify": "2021-06-03T23:11:24.231",
    "ordering": 0,
    "company": 20,
    "referent": null,
    "shared_project": null,
    "name": "Fantasmagorico",
    "description": "prova",
    "address": "via Castione 23, Castione della Presolana (BG)",
    "date_start": "2021-06-04",
    "date_end": "2021-06-25",
    "status": 1,
    "tags": {},
    "logo": "",
    "note": "prova"
  }
},
{
  "model": "project.project",
  "pk": 10,
  "fields": {
    "creator": 23,
    "last_modifier": 23,
    "date_create": "2021-06-03T23:16:42.463",
    "date_last_modify": "2021-06-03T23:16:42.463",
    "ordering": 0,
    "company": 22,
    "referent": null,
    "shared_project": null,
    "name": "sdsasa",
    "description": "sdasd",
    "address": "dsadasda",
    "date_start": "2021-06-04",
    "date_end": null,
    "status": 1,
    "tags": {},
    "logo": "",
    "note": ""
  }
},
{
  "model": "project.project",
  "pk": 11,
  "fields": {
    "creator": 23,
    "last_modifier": 23,
    "date_create": "2021-06-03T23:21:12.877",
    "date_last_modify": "2021-06-03T23:21:12.877",
    "ordering": 0,
    "company": 21,
    "referent": null,
    "shared_project": null,
    "name": "asdasasdasd",
    "description": "sdadas",
    "address": "sdasd",
    "date_start": "2021-06-04",
    "date_end": null,
    "status": 1,
    "tags": {},
    "logo": "",
    "note": ""
  }
},
{
  "model": "project.project",
  "pk": 12,
  "fields": {
    "creator": 5,
    "last_modifier": 5,
    "date_create": "2021-06-04T10:24:45.819",
    "date_last_modify": "2021-06-04T10:24:45.819",
    "ordering": 0,
    "company": 24,
    "referent": null,
    "shared_project": null,
    "name": "sasdda",
    "description": "sadasdasd",
    "address": "sadasdsaasdsdsa",
    "date_start": "2021-06-04",
    "date_end": null,
    "status": 1,
    "tags": {},
    "logo": "",
    "note": ""
  }
},
{
  "model": "project.project",
  "pk": 15,
  "fields": {
    "creator": 5,
    "last_modifier": 5,
    "date_create": "2021-06-08T16:04:00.979",
    "date_last_modify": "2021-06-08T16:04:00.979",
    "ordering": 0,
    "company": 27,
    "referent": null,
    "shared_project": null,
    "name": "Prova 34",
    "description": "SKJDASKJDKAJD",
    "address": "cia fididi",
    "date_start": "2021-06-08",
    "date_end": null,
    "status": 1,
    "tags": {},
    "logo": "",
    "note": ""
  }
},
{
  "model": "project.project",
  "pk": 16,
  "fields": {
    "creator": 17,
    "last_modifier": 17,
    "date_create": "2021-06-08T16:25:12.681",
    "date_last_modify": "2021-06-08T16:25:12.681",
    "ordering": 0,
    "company": 8,
    "referent": null,
    "shared_project": null,
    "name": "Prova343",
    "description": "ciaoaia",
    "address": "",
    "date_start": "2021-06-08",
    "date_end": null,
    "status": 1,
    "tags": {},
    "logo": "",
    "note": ""
  }
},
{
  "model": "project.project",
  "pk": 17,
  "fields": {
    "creator": 27,
    "last_modifier": 27,
    "date_create": "2021-06-09T11:16:26.500",
    "date_last_modify": "2021-06-09T11:16:26.500",
    "ordering": 0,
    "company": 26,
    "referent": null,
    "shared_project": null,
    "name": "sdfdfs",
    "description": "sdfsdfsfs",
    "address": "dfsfsdfs",
    "date_start": "2021-06-09",
    "date_end": null,
    "status": 1,
    "tags": {},
    "logo": "",
    "note": "dsfsdfsdfs"
  }
},
{
  "model": "project.project",
  "pk": 20,
  "fields": {
    "creator": 27,
    "last_modifier": 27,
    "date_create": "2021-06-10T09:12:35.493",
    "date_last_modify": "2021-06-10T09:12:35.493",
    "ordering": 0,
    "company": 25,
    "referent": 64,
    "shared_project": null,
    "name": "Rhiannon Estes",
    "description": "Aliqua Ea autem omn",
    "address": "Aut tempor id cum qu",
    "date_start": "2021-06-10",
    "date_end": "2021-06-17",
    "status": 1,
    "tags": {},
    "logo": "",
    "note": "Commodo commodo sint"
  }
},
{
  "model": "project.project",
  "pk": 21,
  "fields": {
    "creator": 27,
    "last_modifier": 27,
    "date_create": "2021-06-10T09:12:46.668",
    "date_last_modify": "2021-06-10T09:12:46.668",
    "ordering": 0,
    "company": 25,
    "referent": null,
    "shared_project": null,
    "name": "user11",
    "description": "desc user11",
    "address": "",
    "date_start": "2021-06-10",
    "date_end": null,
    "status": 1,
    "tags": {},
    "logo": "",
    "note": ""
  }
},
{
  "model": "project.project",
  "pk": 22,
  "fields": {
    "creator": 5,
    "last_modifier": 5,
    "date_create": "2021-06-11T00:15:26.492",
    "date_last_modify": "2021-06-13T20:48:38.780",
    "ordering": 0,
    "company": 3,
    "referent": null,
    "shared_project": null,
    "name": "dssdfsd",
    "description": "dsfsdfs",
    "address": "dsfsdds",
    "date_start": "2021-06-11",
    "date_end": null,
    "status": 0,
    "tags": {},
    "logo": "",
    "note": ""
  }
},
{
  "model": "project.project",
  "pk": 23,
  "fields": {
    "creator": 8,
    "last_modifier": 8,
    "date_create": "2021-06-13T13:04:14.332",
    "date_last_modify": "2021-06-13T13:04:14.332",
    "ordering": 0,
    "company": 5,
    "referent": null,
    "shared_project": null,
    "name": "Marioooli",
    "description": "Bzjxjxjd",
    "address": "Hdhdhdhdh",
    "date_start": "2021-06-13",
    "date_end": "2021-06-16",
    "status": 1,
    "tags": {},
    "logo": "",
    "note": ""
  }
},
{
  "model": "project.project",
  "pk": 24,
  "fields": {
    "creator": 5,
    "last_modifier": 5,
    "date_create": "2021-06-15T07:50:32.776",
    "date_last_modify": "2021-06-15T07:50:32.776",
    "ordering": 0,
    "company": 3,
    "referent": null,
    "shared_project": null,
    "name": "prova docu",
    "description": "kasjdkajka",
    "address": "jsdkajksd",
    "date_start": "2021-06-15",
    "date_end": null,
    "status": 1,
    "tags": {},
    "logo": "",
    "note": ""
  }
},
{
  "model": "project.project",
  "pk": 25,
  "fields": {
    "creator": 27,
    "last_modifier": 27,
    "date_create": "2021-06-15T12:15:51.230",
    "date_last_modify": "2021-06-15T12:15:51.230",
    "ordering": 0,
    "company": 25,
    "referent": null,
    "shared_project": null,
    "name": "Basia Fernandez",
    "description": "Accusantium id praes",
    "address": "Ut quo ut pariatur",
    "date_start": "2021-06-15",
    "date_end": "2021-06-17",
    "status": 1,
    "tags": {},
    "logo": "",
    "note": "Inventore esse in c"
  }
},
{
  "model": "project.project",
  "pk": 26,
  "fields": {
    "creator": 31,
    "last_modifier": 31,
    "date_create": "2021-06-15T12:51:08.270",
    "date_last_modify": "2021-06-15T12:51:08.270",
    "ordering": 0,
    "company": 32,
    "referent": 59,
    "shared_project": null,
    "name": "Chiquita Mclean",
    "description": "Cillum est magni ut",
    "address": "Ut ut perferendis do",
    "date_start": "2021-06-15",
    "date_end": "2021-06-17",
    "status": 1,
    "tags": {},
    "logo": "",
    "note": "Maiores vero sed vol"
  }
},
{
  "model": "project.project",
  "pk": 27,
  "fields": {
    "creator": 4,
    "last_modifier": 4,
    "date_create": "2021-06-15T13:06:31.088",
    "date_last_modify": "2021-06-15T13:06:31.088",
    "ordering": 0,
    "company": 33,
    "referent": null,
    "shared_project": null,
    "name": "e332",
    "description": "123213123123",
    "address": "3323213123",
    "date_start": "2021-06-15",
    "date_end": null,
    "status": 1,
    "tags": {},
    "logo": "",
    "note": ""
  }
},
{
  "model": "project.project",
  "pk": 28,
  "fields": {
    "creator": 5,
    "last_modifier": 5,
    "date_create": "2021-06-15T14:42:02.048",
    "date_last_modify": "2021-06-15T14:42:02.048",
    "ordering": 0,
    "company": 23,
    "referent": null,
    "shared_project": null,
    "name": "ciao",
    "description": "skdja",
    "address": "jdakdjks",
    "date_start": "2021-06-15",
    "date_end": null,
    "status": 1,
    "tags": {},
    "logo": "",
    "note": ""
  }
},
{
  "model": "project.project",
  "pk": 29,
  "fields": {
    "creator": 32,
    "last_modifier": 32,
    "date_create": "2021-06-15T21:40:01.601",
    "date_last_modify": "2021-06-15T21:40:01.601",
    "ordering": 0,
    "company": 34,
    "referent": null,
    "shared_project": null,
    "name": "provapeof",
    "description": "aksjdkasjd",
    "address": "sdakjdaskj",
    "date_start": "2021-06-15",
    "date_end": null,
    "status": 1,
    "tags": {},
    "logo": "",
    "note": ""
  }
},
{
  "model": "project.project",
  "pk": 31,
  "fields": {
    "creator": 32,
    "last_modifier": 32,
    "date_create": "2021-06-15T21:51:27.290",
    "date_last_modify": "2021-06-15T21:51:27.290",
    "ordering": 0,
    "company": 36,
    "referent": null,
    "shared_project": null,
    "name": "sdsdasdas",
    "description": "sdasdsad",
    "address": "sdadsadas",
    "date_start": "2021-06-15",
    "date_end": null,
    "status": 1,
    "tags": {},
    "logo": "",
    "note": ""
  }
},
{
  "model": "project.project",
  "pk": 32,
  "fields": {
    "creator": 32,
    "last_modifier": 32,
    "date_create": "2021-06-15T21:54:25.282",
    "date_last_modify": "2021-06-15T21:54:25.282",
    "ordering": 0,
    "company": 37,
    "referent": null,
    "shared_project": null,
    "name": "erwerw",
    "description": "erewrwe",
    "address": "rwerwer",
    "date_start": "2021-06-15",
    "date_end": null,
    "status": 1,
    "tags": {},
    "logo": "",
    "note": ""
  }
},
{
  "model": "project.project",
  "pk": 37,
  "fields": {
    "creator": 17,
    "last_modifier": 17,
    "date_create": "2021-06-15T22:22:49.718",
    "date_last_modify": "2021-06-15T22:22:49.719",
    "ordering": 0,
    "company": 40,
    "referent": 15,
    "shared_project": null,
    "name": "sdasdas",
    "description": "sdasdas",
    "address": "sdasdsa",
    "date_start": "2021-06-16",
    "date_end": null,
    "status": 1,
    "tags": {},
    "logo": "",
    "note": ""
  }
},
{
  "model": "project.project",
  "pk": 40,
  "fields": {
    "creator": 12,
    "last_modifier": 12,
    "date_create": "2021-06-16T14:49:03.300",
    "date_last_modify": "2021-06-16T14:49:03.301",
    "ordering": 0,
    "company": 6,
    "referent": null,
    "shared_project": null,
    "name": "Prova4",
    "description": "Hdhdhd",
    "address": "Hggf",
    "date_start": "2021-06-16",
    "date_end": null,
    "status": 1,
    "tags": {},
    "logo": "",
    "note": ""
  }
},
{
  "model": "project.project",
  "pk": 41,
  "fields": {
    "creator": 5,
    "last_modifier": 5,
    "date_create": "2021-06-17T07:40:10.766",
    "date_last_modify": "2021-06-17T07:40:10.766",
    "ordering": 0,
    "company": 3,
    "referent": null,
    "shared_project": null,
    "name": "veryf",
    "description": "sdasdsa",
    "address": "sadasd",
    "date_start": "2021-06-17",
    "date_end": null,
    "status": 1,
    "tags": {},
    "logo": "",
    "note": ""
  }
},
{
  "model": "project.task",
  "pk": 1,
  "fields": {
    "creator": 2,
    "last_modifier": 2,
    "date_create": "2021-05-28T11:02:03.187",
    "date_last_modify": "2021-06-03T08:56:42.128",
    "status": 1,
    "ordering": 0,
    "project": 1,
    "name": "Idraulica",
    "assigned_company": 1,
    "shared_task": null,
    "date_start": "2021-05-28",
    "date_end": "2021-06-04",
    "date_completed": null,
    "progress": 65,
    "alert": false,
    "starred": false,
    "note": ""
  }
},
{
  "model": "project.task",
  "pk": 2,
  "fields": {
    "creator": 4,
    "last_modifier": 4,
    "date_create": "2021-05-31T20:35:13.514",
    "date_last_modify": "2021-05-31T20:35:13.514",
    "status": 1,
    "ordering": 0,
    "project": 2,
    "name": "Fase 1",
    "assigned_company": 2,
    "shared_task": null,
    "date_start": "2021-05-31",
    "date_end": "2021-06-10",
    "date_completed": null,
    "progress": 0,
    "alert": false,
    "starred": false,
    "note": "dede"
  }
},
{
  "model": "project.task",
  "pk": 4,
  "fields": {
    "creator": 5,
    "last_modifier": 5,
    "date_create": "2021-06-01T13:32:59.111",
    "date_last_modify": "2021-06-16T21:17:36.077",
    "status": 1,
    "ordering": 0,
    "project": 4,
    "name": "Sopralluogo iniziale",
    "assigned_company": 3,
    "shared_task": null,
    "date_start": "2021-06-07",
    "date_end": "2021-06-09",
    "date_completed": null,
    "progress": 78,
    "alert": true,
    "starred": false,
    "note": ""
  }
},
{
  "model": "project.task",
  "pk": 5,
  "fields": {
    "creator": 12,
    "last_modifier": 12,
    "date_create": "2021-06-01T13:33:45.142",
    "date_last_modify": "2021-06-17T12:59:27.618",
    "status": 1,
    "ordering": 0,
    "project": 4,
    "name": "Demolizione interni",
    "assigned_company": 5,
    "shared_task": null,
    "date_start": "2021-06-08",
    "date_end": "2021-06-12",
    "date_completed": null,
    "progress": 0,
    "alert": false,
    "starred": false,
    "note": ""
  }
},
{
  "model": "project.task",
  "pk": 7,
  "fields": {
    "creator": 5,
    "last_modifier": 5,
    "date_create": "2021-06-01T13:34:47.467",
    "date_last_modify": "2021-06-13T12:09:43.438",
    "status": 1,
    "ordering": 0,
    "project": 4,
    "name": "Posa tubi di scarico sanitari",
    "assigned_company": 6,
    "shared_task": null,
    "date_start": "2021-06-14",
    "date_end": "2021-06-18",
    "date_completed": null,
    "progress": 0,
    "alert": true,
    "starred": false,
    "note": ""
  }
},
{
  "model": "project.task",
  "pk": 8,
  "fields": {
    "creator": 5,
    "last_modifier": 5,
    "date_create": "2021-06-01T13:40:48.992",
    "date_last_modify": "2021-06-12T12:16:52.922",
    "status": 1,
    "ordering": 0,
    "project": 4,
    "name": "Installazione putrella e demolizione muro portante",
    "assigned_company": 8,
    "shared_task": null,
    "date_start": "2021-06-16",
    "date_end": "2021-06-18",
    "date_completed": null,
    "progress": 0,
    "alert": false,
    "starred": false,
    "note": ""
  }
},
{
  "model": "project.task",
  "pk": 9,
  "fields": {
    "creator": 5,
    "last_modifier": 5,
    "date_create": "2021-06-01T13:42:24.135",
    "date_last_modify": "2021-06-10T02:26:16.729",
    "status": 1,
    "ordering": 0,
    "project": 4,
    "name": "Collegamenti scarico in fossa biologica",
    "assigned_company": 6,
    "shared_task": null,
    "date_start": "2021-06-21",
    "date_end": "2021-06-23",
    "date_completed": null,
    "progress": 0,
    "alert": false,
    "starred": false,
    "note": ""
  }
},
{
  "model": "project.task",
  "pk": 10,
  "fields": {
    "creator": 5,
    "last_modifier": 5,
    "date_create": "2021-06-01T13:44:22.534",
    "date_last_modify": "2021-06-10T02:26:26.270",
    "status": 1,
    "ordering": 0,
    "project": 4,
    "name": "Installazione scatole di incasso e tubi flessibili",
    "assigned_company": 7,
    "shared_task": null,
    "date_start": "2021-06-22",
    "date_end": "2021-06-25",
    "date_completed": null,
    "progress": 0,
    "alert": false,
    "starred": false,
    "note": ""
  }
},
{
  "model": "project.task",
  "pk": 12,
  "fields": {
    "creator": 5,
    "last_modifier": 5,
    "date_create": "2021-06-01T13:46:22.822",
    "date_last_modify": "2021-06-10T10:34:53.106",
    "status": 1,
    "ordering": 0,
    "project": 4,
    "name": "Sottofondo",
    "assigned_company": 10,
    "shared_task": null,
    "date_start": "2021-06-28",
    "date_end": "2021-07-01",
    "date_completed": null,
    "progress": 0,
    "alert": false,
    "starred": false,
    "note": ""
  }
},
{
  "model": "project.task",
  "pk": 13,
  "fields": {
    "creator": 5,
    "last_modifier": 5,
    "date_create": "2021-06-01T13:47:16.837",
    "date_last_modify": "2021-06-13T13:54:37.767",
    "status": 1,
    "ordering": 0,
    "project": 4,
    "name": "Controsoffitto",
    "assigned_company": 11,
    "shared_task": null,
    "date_start": "2021-07-01",
    "date_end": "2021-07-03",
    "date_completed": null,
    "progress": 0,
    "alert": true,
    "starred": false,
    "note": ""
  }
},
{
  "model": "project.task",
  "pk": 15,
  "fields": {
    "creator": 5,
    "last_modifier": 5,
    "date_create": "2021-06-01T13:51:16.316",
    "date_last_modify": "2021-06-10T02:27:08.686",
    "status": 1,
    "ordering": 0,
    "project": 4,
    "name": "Piastrelle",
    "assigned_company": 9,
    "shared_task": null,
    "date_start": "2021-07-05",
    "date_end": "2021-07-08",
    "date_completed": null,
    "progress": 0,
    "alert": false,
    "starred": false,
    "note": ""
  }
},
{
  "model": "project.task",
  "pk": 16,
  "fields": {
    "creator": 2,
    "last_modifier": 2,
    "date_create": "2021-06-01T16:57:32.883",
    "date_last_modify": "2021-06-01T22:37:05.912",
    "status": 1,
    "ordering": 0,
    "project": 1,
    "name": "Scavi Generali",
    "assigned_company": 12,
    "shared_task": null,
    "date_start": "2021-06-01",
    "date_end": "2021-06-10",
    "date_completed": null,
    "progress": 0,
    "alert": true,
    "starred": false,
    "note": ""
  }
},
{
  "model": "project.task",
  "pk": 17,
  "fields": {
    "creator": 11,
    "last_modifier": 11,
    "date_create": "2021-06-03T20:34:04.765",
    "date_last_modify": "2021-06-03T20:34:04.765",
    "status": 1,
    "ordering": 0,
    "project": 6,
    "name": "sdasda",
    "assigned_company": 16,
    "shared_task": null,
    "date_start": "2021-06-03",
    "date_end": "2021-06-11",
    "date_completed": null,
    "progress": 0,
    "alert": false,
    "starred": false,
    "note": ""
  }
},
{
  "model": "project.task",
  "pk": 22,
  "fields": {
    "creator": 5,
    "last_modifier": 5,
    "date_create": "2021-06-09T00:04:29.259",
    "date_last_modify": "2021-06-14T12:55:38.735",
    "status": 1,
    "ordering": 0,
    "project": 15,
    "name": "kuyi",
    "assigned_company": 27,
    "shared_task": null,
    "date_start": "2021-06-09",
    "date_end": "2021-06-18",
    "date_completed": null,
    "progress": 0,
    "alert": true,
    "starred": false,
    "note": ""
  }
},
{
  "model": "project.task",
  "pk": 23,
  "fields": {
    "creator": 27,
    "last_modifier": 27,
    "date_create": "2021-06-09T11:18:39.355",
    "date_last_modify": "2021-06-16T19:46:01.789",
    "status": 1,
    "ordering": 0,
    "project": 17,
    "name": "asfasasas",
    "assigned_company": 26,
    "shared_task": null,
    "date_start": "2021-06-09",
    "date_end": "2021-06-17",
    "date_completed": null,
    "progress": 0,
    "alert": true,
    "starred": false,
    "note": "sfasfasasasaff"
  }
},
{
  "model": "project.task",
  "pk": 25,
  "fields": {
    "creator": 27,
    "last_modifier": 27,
    "date_create": "2021-06-10T09:13:50.551",
    "date_last_modify": "2021-06-17T07:39:43.658",
    "status": 1,
    "ordering": 0,
    "project": 20,
    "name": "Dolores et reprehend",
    "assigned_company": 25,
    "shared_task": null,
    "date_start": "2021-06-10",
    "date_end": "2021-06-17",
    "date_completed": null,
    "progress": 0,
    "alert": true,
    "starred": false,
    "note": "Ut cumque earum hic"
  }
},
{
  "model": "project.task",
  "pk": 26,
  "fields": {
    "creator": 2,
    "last_modifier": 2,
    "date_create": "2021-06-11T00:19:12.304",
    "date_last_modify": "2021-06-15T16:29:56.869",
    "status": 1,
    "ordering": 0,
    "project": 22,
    "name": "ghghj",
    "assigned_company": 3,
    "shared_task": null,
    "date_start": "2021-06-11",
    "date_end": "2021-06-11",
    "date_completed": null,
    "progress": 60,
    "alert": true,
    "starred": false,
    "note": ""
  }
},
{
  "model": "project.task",
  "pk": 27,
  "fields": {
    "creator": 8,
    "last_modifier": 8,
    "date_create": "2021-06-13T13:04:49.597",
    "date_last_modify": "2021-06-15T22:45:00.984",
    "status": 1,
    "ordering": 0,
    "project": 23,
    "name": "Mariohvcc",
    "assigned_company": 5,
    "shared_task": null,
    "date_start": "2021-06-13",
    "date_end": "2021-06-13",
    "date_completed": null,
    "progress": 0,
    "alert": true,
    "starred": false,
    "note": ""
  }
},
{
  "model": "project.task",
  "pk": 28,
  "fields": {
    "creator": 5,
    "last_modifier": 5,
    "date_create": "2021-06-14T13:07:45.582",
    "date_last_modify": "2021-06-14T13:07:45.582",
    "status": 1,
    "ordering": 0,
    "project": 2,
    "name": "Ciaociao",
    "assigned_company": 2,
    "shared_task": null,
    "date_start": "2021-06-14",
    "date_end": "2021-06-14",
    "date_completed": null,
    "progress": 0,
    "alert": false,
    "starred": false,
    "note": ""
  }
},
{
  "model": "project.task",
  "pk": 29,
  "fields": {
    "creator": 5,
    "last_modifier": 5,
    "date_create": "2021-06-14T13:08:08.198",
    "date_last_modify": "2021-06-14T13:08:08.198",
    "status": 1,
    "ordering": 0,
    "project": 2,
    "name": "Weila",
    "assigned_company": 2,
    "shared_task": null,
    "date_start": "2021-06-14",
    "date_end": "2021-06-14",
    "date_completed": null,
    "progress": 0,
    "alert": false,
    "starred": false,
    "note": ""
  }
},
{
  "model": "project.task",
  "pk": 30,
  "fields": {
    "creator": 31,
    "last_modifier": 31,
    "date_create": "2021-06-15T12:53:11.796",
    "date_last_modify": "2021-06-15T12:53:11.796",
    "status": 1,
    "ordering": 0,
    "project": 26,
    "name": "Aut dolorem maxime a",
    "assigned_company": 32,
    "shared_task": null,
    "date_start": "2021-06-15",
    "date_end": "2021-06-17",
    "date_completed": null,
    "progress": 0,
    "alert": false,
    "starred": false,
    "note": "Eos nulla molestias"
  }
},
{
  "model": "project.task",
  "pk": 31,
  "fields": {
    "creator": 5,
    "last_modifier": 5,
    "date_create": "2021-06-15T14:42:15.074",
    "date_last_modify": "2021-06-15T14:44:24.358",
    "status": 1,
    "ordering": 0,
    "project": 28,
    "name": "sdasda",
    "assigned_company": 23,
    "shared_task": null,
    "date_start": "2021-06-15",
    "date_end": "2021-06-15",
    "date_completed": null,
    "progress": 0,
    "alert": true,
    "starred": false,
    "note": ""
  }
},
{
  "model": "project.task",
  "pk": 32,
  "fields": {
    "creator": 4,
    "last_modifier": 4,
    "date_create": "2021-06-15T15:42:07.517",
    "date_last_modify": "2021-06-15T16:40:02.375",
    "status": 1,
    "ordering": 0,
    "project": 27,
    "name": "Vhjjj",
    "assigned_company": 33,
    "shared_task": null,
    "date_start": "2021-06-15",
    "date_end": "2021-06-15",
    "date_completed": null,
    "progress": 0,
    "alert": true,
    "starred": false,
    "note": ""
  }
},
{
  "model": "project.task",
  "pk": 33,
  "fields": {
    "creator": 32,
    "last_modifier": 32,
    "date_create": "2021-06-15T21:40:16.235",
    "date_last_modify": "2021-06-15T21:41:49.261",
    "status": 1,
    "ordering": 0,
    "project": 29,
    "name": "qwewqeq",
    "assigned_company": 34,
    "shared_task": null,
    "date_start": "2021-06-15",
    "date_end": "2021-06-15",
    "date_completed": null,
    "progress": 0,
    "alert": false,
    "starred": false,
    "note": ""
  }
},
{
  "model": "project.task",
  "pk": 35,
  "fields": {
    "creator": 32,
    "last_modifier": 32,
    "date_create": "2021-06-15T21:51:45.589",
    "date_last_modify": "2021-06-15T21:51:45.589",
    "status": 1,
    "ordering": 0,
    "project": 31,
    "name": "sdsdsad",
    "assigned_company": 36,
    "shared_task": null,
    "date_start": "2021-06-15",
    "date_end": "2021-06-15",
    "date_completed": null,
    "progress": 0,
    "alert": false,
    "starred": false,
    "note": ""
  }
},
{
  "model": "project.task",
  "pk": 36,
  "fields": {
    "creator": 32,
    "last_modifier": 32,
    "date_create": "2021-06-15T21:54:40.646",
    "date_last_modify": "2021-06-15T21:57:32.380",
    "status": 1,
    "ordering": 0,
    "project": 32,
    "name": "sdasda",
    "assigned_company": 37,
    "shared_task": null,
    "date_start": "2021-06-15",
    "date_end": "2021-06-15",
    "date_completed": null,
    "progress": 0,
    "alert": false,
    "starred": false,
    "note": ""
  }
},
{
  "model": "project.task",
  "pk": 40,
  "fields": {
    "creator": 17,
    "last_modifier": 17,
    "date_create": "2021-06-15T22:15:11.840",
    "date_last_modify": "2021-06-15T22:15:39.601",
    "status": 1,
    "ordering": 0,
    "project": 16,
    "name": "jhggjhg",
    "assigned_company": 8,
    "shared_task": null,
    "date_start": "2021-06-16",
    "date_end": "2021-06-16",
    "date_completed": null,
    "progress": 0,
    "alert": true,
    "starred": false,
    "note": ""
  }
},
{
  "model": "project.task",
  "pk": 43,
  "fields": {
    "creator": 12,
    "last_modifier": 12,
    "date_create": "2021-06-16T14:49:17.134",
    "date_last_modify": "2021-06-16T14:49:17.134",
    "status": 1,
    "ordering": 0,
    "project": 40,
    "name": "Provina",
    "assigned_company": 6,
    "shared_task": null,
    "date_start": "2021-06-16",
    "date_end": "2021-06-16",
    "date_completed": null,
    "progress": 0,
    "alert": false,
    "starred": false,
    "note": ""
  }
},
{
  "model": "project.task",
  "pk": 44,
  "fields": {
    "creator": 12,
    "last_modifier": 12,
    "date_create": "2021-06-16T14:49:18.614",
    "date_last_modify": "2021-06-16T21:39:07.434",
    "status": 1,
    "ordering": 0,
    "project": 40,
    "name": "Provina",
    "assigned_company": 6,
    "shared_task": null,
    "date_start": "2021-06-16",
    "date_end": "2021-06-16",
    "date_completed": null,
    "progress": 0,
    "alert": false,
    "starred": false,
    "note": ""
  }
},
{
  "model": "project.task",
  "pk": 45,
  "fields": {
    "creator": 5,
    "last_modifier": 5,
    "date_create": "2021-06-16T21:14:36.118",
    "date_last_modify": "2021-06-16T21:14:36.118",
    "status": 1,
    "ordering": 0,
    "project": 24,
    "name": "Prova",
    "assigned_company": 3,
    "shared_task": null,
    "date_start": "2021-06-16",
    "date_end": "2021-06-16",
    "date_completed": null,
    "progress": 0,
    "alert": false,
    "starred": false,
    "note": ""
  }
},
{
  "model": "project.task",
  "pk": 46,
  "fields": {
    "creator": 12,
    "last_modifier": 12,
    "date_create": "2021-06-16T21:32:46.605",
    "date_last_modify": "2021-06-16T21:32:46.605",
    "status": 1,
    "ordering": 0,
    "project": 40,
    "name": "Hdhd",
    "assigned_company": 6,
    "shared_task": null,
    "date_start": "2021-06-16",
    "date_end": "2021-06-16",
    "date_completed": null,
    "progress": 0,
    "alert": false,
    "starred": false,
    "note": ""
  }
},
{
  "model": "project.task",
  "pk": 47,
  "fields": {
    "creator": 27,
    "last_modifier": 27,
    "date_create": "2021-06-17T05:39:54.152",
    "date_last_modify": "2021-06-17T10:58:17.234",
    "status": 1,
    "ordering": 0,
    "project": 17,
    "name": "Materialverf\u00fcgbarkeit",
    "assigned_company": 26,
    "shared_task": null,
    "date_start": "2021-06-17",
    "date_end": "2021-06-25",
    "date_completed": null,
    "progress": 0,
    "alert": false,
    "starred": false,
    "note": "rerewqswds asdasa"
  }
},
{
  "model": "project.activity",
  "pk": 1,
  "fields": {
    "creator": 4,
    "last_modifier": 4,
    "date_create": "2021-05-31T20:35:27.520",
    "date_last_modify": "2021-05-31T20:35:28.023",
    "ordering": 0,
    "task": 2,
    "title": "Sottofase1",
    "description": "fefef",
    "status": "to-do",
    "datetime_start": "2021-05-31",
    "datetime_end": "2021-06-10",
    "alert": false,
    "starred": false,
    "note": null,
    "workers": [
      6
    ]
  }
},
{
  "model": "project.activity",
  "pk": 3,
  "fields": {
    "creator": 2,
    "last_modifier": 2,
    "date_create": "2021-06-01T22:39:26.079",
    "date_last_modify": "2021-06-01T22:39:27.242",
    "ordering": 0,
    "task": 16,
    "title": "Attivit\u00e1 1",
    "description": "",
    "status": "to-do",
    "datetime_start": "2021-06-01",
    "datetime_end": "2021-06-08",
    "alert": false,
    "starred": false,
    "note": null,
    "workers": [
      41
    ]
  }
},
{
  "model": "project.activity",
  "pk": 4,
  "fields": {
    "creator": 2,
    "last_modifier": 2,
    "date_create": "2021-06-03T15:19:53.386",
    "date_last_modify": "2021-06-10T05:46:57.693",
    "ordering": 0,
    "task": 1,
    "title": "Impianto cucina",
    "description": "Definire al meglio l'impianto della cucina e verificare che sia tutto ok.",
    "status": "completed",
    "datetime_start": "2021-05-28",
    "datetime_end": "2021-06-04",
    "alert": true,
    "starred": false,
    "note": null,
    "workers": [
      3
    ]
  }
},
{
  "model": "project.activity",
  "pk": 5,
  "fields": {
    "creator": 11,
    "last_modifier": 11,
    "date_create": "2021-06-03T20:34:14.961",
    "date_last_modify": "2021-06-03T20:35:58.381",
    "ordering": 0,
    "task": 17,
    "title": "sadasdsa",
    "description": "",
    "status": "to-do",
    "datetime_start": "2021-06-03",
    "datetime_end": "2021-06-11",
    "alert": false,
    "starred": false,
    "note": null,
    "workers": [
      45
    ]
  }
},
{
  "model": "project.activity",
  "pk": 7,
  "fields": {
    "creator": 27,
    "last_modifier": 27,
    "date_create": "2021-06-09T11:21:53.554",
    "date_last_modify": "2021-06-17T10:59:07.622",
    "ordering": 0,
    "task": 23,
    "title": "asasfasf",
    "description": "asfsafasfasfa",
    "status": "completed",
    "datetime_start": "2021-06-09",
    "datetime_end": "2021-06-17",
    "alert": true,
    "starred": false,
    "note": null,
    "workers": [
      60
    ]
  }
},
{
  "model": "project.activity",
  "pk": 8,
  "fields": {
    "creator": 5,
    "last_modifier": 5,
    "date_create": "2021-06-10T02:08:22.834",
    "date_last_modify": "2021-06-10T02:29:30.980",
    "ordering": 0,
    "task": 7,
    "title": "Scarico bagno principale",
    "description": "",
    "status": "to-do",
    "datetime_start": "2021-06-16",
    "datetime_end": "2021-06-18",
    "alert": false,
    "starred": false,
    "note": null,
    "workers": [
      23
    ]
  }
},
{
  "model": "project.activity",
  "pk": 9,
  "fields": {
    "creator": 5,
    "last_modifier": 5,
    "date_create": "2021-06-10T02:08:56.559",
    "date_last_modify": "2021-06-10T02:29:12.212",
    "ordering": 0,
    "task": 7,
    "title": "Scarico bagno lavanderia",
    "description": "",
    "status": "to-do",
    "datetime_start": "2021-06-14",
    "datetime_end": "2021-06-16",
    "alert": false,
    "starred": false,
    "note": null,
    "workers": [
      23,
      24
    ]
  }
},
{
  "model": "project.activity",
  "pk": 10,
  "fields": {
    "creator": 12,
    "last_modifier": 12,
    "date_create": "2021-06-10T02:13:42.677",
    "date_last_modify": "2021-06-17T12:59:27.642",
    "ordering": 0,
    "task": 5,
    "title": "Zona giorno",
    "description": "",
    "status": "to-do",
    "datetime_start": "2021-06-08",
    "datetime_end": "2021-06-11",
    "alert": false,
    "starred": false,
    "note": null,
    "workers": [
      18,
      16,
      15,
      20
    ]
  }
},
{
  "model": "project.activity",
  "pk": 11,
  "fields": {
    "creator": 12,
    "last_modifier": 12,
    "date_create": "2021-06-10T02:13:55.007",
    "date_last_modify": "2021-06-17T12:59:27.633",
    "ordering": 0,
    "task": 5,
    "title": "Zona notte",
    "description": "",
    "status": "to-do",
    "datetime_start": "2021-06-08",
    "datetime_end": "2021-06-10",
    "alert": false,
    "starred": false,
    "note": null,
    "workers": [
      16,
      15
    ]
  }
},
{
  "model": "project.activity",
  "pk": 12,
  "fields": {
    "creator": 5,
    "last_modifier": 5,
    "date_create": "2021-06-15T07:07:52.307",
    "date_last_modify": "2021-06-15T07:07:53.246",
    "ordering": 0,
    "task": 26,
    "title": "uyyug",
    "description": "",
    "status": "to-do",
    "datetime_start": "2021-06-11",
    "datetime_end": "2021-06-11",
    "alert": false,
    "starred": false,
    "note": null,
    "workers": [
      12
    ]
  }
},
{
  "model": "project.activity",
  "pk": 13,
  "fields": {
    "creator": 5,
    "last_modifier": 5,
    "date_create": "2021-06-15T14:56:24.101",
    "date_last_modify": "2021-06-15T14:56:25.030",
    "ordering": 0,
    "task": 26,
    "title": "hjkhk",
    "description": "",
    "status": "to-do",
    "datetime_start": "2021-06-11",
    "datetime_end": "2021-06-11",
    "alert": false,
    "starred": false,
    "note": null,
    "workers": [
      9,
      12
    ]
  }
},
{
  "model": "project.activity",
  "pk": 15,
  "fields": {
    "creator": 27,
    "last_modifier": 27,
    "date_create": "2021-06-17T10:30:11.831",
    "date_last_modify": "2021-06-17T10:59:11.196",
    "ordering": 0,
    "task": 47,
    "title": "Molestiae possimus",
    "description": "Cupiditate et et hic",
    "status": "completed",
    "datetime_start": "2021-06-17",
    "datetime_end": "2021-06-25",
    "alert": true,
    "starred": false,
    "note": null,
    "workers": [
      60
    ]
  }
},
{
  "model": "project.codeteamassignment",
  "pk": 1,
  "fields": {
    "creator": 2,
    "last_modifier": 2,
    "date_create": "2021-06-01T16:49:21.472",
    "date_last_modify": "2021-06-01T16:49:21.472",
    "status": 1,
    "ordering": 0,
    "project": 1,
    "unique_code": "4067d979-db76-5c6c-9682-ac094b512c64",
    "email": "coti.alessandro+6@whistlepro.it",
    "role": "o"
  }
},
{
  "model": "project.team",
  "pk": 1,
  "fields": {
    "creator": 3,
    "last_modifier": 3,
    "date_create": "2021-05-28T11:00:00.099",
    "date_last_modify": "2021-05-28T11:00:00.099",
    "status": 1,
    "ordering": 0,
    "project": 1,
    "profile": 3,
    "role": "o",
    "project_invitation_date": "2021-05-28T11:00:00.095",
    "invitation_refuse_date": null
  }
},
{
  "model": "project.team",
  "pk": 2,
  "fields": {
    "creator": 4,
    "last_modifier": 4,
    "date_create": "2021-05-31T20:22:32.849",
    "date_last_modify": "2021-05-31T20:22:32.849",
    "status": 1,
    "ordering": 0,
    "project": 2,
    "profile": 6,
    "role": "o",
    "project_invitation_date": "2021-05-31T20:22:32.845",
    "invitation_refuse_date": null
  }
},
{
  "model": "project.team",
  "pk": 4,
  "fields": {
    "creator": 5,
    "last_modifier": 5,
    "date_create": "2021-06-01T13:28:28.642",
    "date_last_modify": "2021-06-01T13:28:28.642",
    "status": 1,
    "ordering": 0,
    "project": 4,
    "profile": 9,
    "role": "o",
    "project_invitation_date": "2021-06-01T13:28:28.638",
    "invitation_refuse_date": null
  }
},
{
  "model": "project.team",
  "pk": 5,
  "fields": {
    "creator": 8,
    "last_modifier": 8,
    "date_create": "2021-06-01T15:49:06.759",
    "date_last_modify": "2021-06-01T15:54:32.748",
    "status": 1,
    "ordering": 0,
    "project": 4,
    "profile": 15,
    "role": "o",
    "project_invitation_date": "2021-06-01T15:49:06.756",
    "invitation_refuse_date": null
  }
},
{
  "model": "project.team",
  "pk": 6,
  "fields": {
    "creator": 12,
    "last_modifier": 12,
    "date_create": "2021-06-01T15:49:20.631",
    "date_last_modify": "2021-06-01T15:56:33.241",
    "status": 1,
    "ordering": 0,
    "project": 4,
    "profile": 23,
    "role": "o",
    "project_invitation_date": "2021-06-01T15:49:20.627",
    "invitation_refuse_date": null
  }
},
{
  "model": "project.team",
  "pk": 7,
  "fields": {
    "creator": 14,
    "last_modifier": 14,
    "date_create": "2021-06-01T15:49:57.438",
    "date_last_modify": "2021-06-01T15:59:55.944",
    "status": 1,
    "ordering": 0,
    "project": 4,
    "profile": 27,
    "role": "o",
    "project_invitation_date": "2021-06-01T15:49:57.434",
    "invitation_refuse_date": null
  }
},
{
  "model": "project.team",
  "pk": 8,
  "fields": {
    "creator": 17,
    "last_modifier": 17,
    "date_create": "2021-06-01T15:50:11.006",
    "date_last_modify": "2021-06-01T16:01:35.566",
    "status": 1,
    "ordering": 0,
    "project": 4,
    "profile": 32,
    "role": "o",
    "project_invitation_date": "2021-06-01T15:50:11.003",
    "invitation_refuse_date": null
  }
},
{
  "model": "project.team",
  "pk": 9,
  "fields": {
    "creator": 18,
    "last_modifier": 18,
    "date_create": "2021-06-01T15:50:29.196",
    "date_last_modify": "2021-06-01T16:00:56.881",
    "status": 1,
    "ordering": 0,
    "project": 4,
    "profile": 34,
    "role": "o",
    "project_invitation_date": "2021-06-01T15:50:29.192",
    "invitation_refuse_date": null
  }
},
{
  "model": "project.team",
  "pk": 10,
  "fields": {
    "creator": 5,
    "last_modifier": 5,
    "date_create": "2021-06-01T15:51:51.473",
    "date_last_modify": "2021-06-01T15:51:51.473",
    "status": 1,
    "ordering": 0,
    "project": 4,
    "profile": 12,
    "role": "d",
    "project_invitation_date": "2021-06-01T15:51:51.470",
    "invitation_refuse_date": null
  }
},
{
  "model": "project.team",
  "pk": 13,
  "fields": {
    "creator": 8,
    "last_modifier": 8,
    "date_create": "2021-06-01T15:55:23.915",
    "date_last_modify": "2021-06-01T15:55:23.915",
    "status": 1,
    "ordering": 0,
    "project": 4,
    "profile": 20,
    "role": "w",
    "project_invitation_date": "2021-06-01T15:55:23.912",
    "invitation_refuse_date": null
  }
},
{
  "model": "project.team",
  "pk": 14,
  "fields": {
    "creator": 12,
    "last_modifier": 12,
    "date_create": "2021-06-01T15:59:09.865",
    "date_last_modify": "2021-06-01T15:59:09.865",
    "status": 1,
    "ordering": 0,
    "project": 4,
    "profile": 24,
    "role": "m",
    "project_invitation_date": "2021-06-01T15:59:09.862",
    "invitation_refuse_date": null
  }
},
{
  "model": "project.team",
  "pk": 15,
  "fields": {
    "creator": 14,
    "last_modifier": 14,
    "date_create": "2021-06-01T16:00:17.603",
    "date_last_modify": "2021-06-01T16:00:17.603",
    "status": 1,
    "ordering": 0,
    "project": 4,
    "profile": 28,
    "role": "m",
    "project_invitation_date": "2021-06-01T16:00:17.599",
    "invitation_refuse_date": null
  }
},
{
  "model": "project.team",
  "pk": 16,
  "fields": {
    "creator": 19,
    "last_modifier": 19,
    "date_create": "2021-06-01T16:17:07.289",
    "date_last_modify": "2021-06-01T16:18:19.620",
    "status": 1,
    "ordering": 0,
    "project": 4,
    "profile": 36,
    "role": "o",
    "project_invitation_date": "2021-06-01T16:17:07.285",
    "invitation_refuse_date": null
  }
},
{
  "model": "project.team",
  "pk": 17,
  "fields": {
    "creator": 21,
    "last_modifier": 21,
    "date_create": "2021-06-01T16:25:34.425",
    "date_last_modify": "2021-06-01T16:25:49.126",
    "status": 1,
    "ordering": 0,
    "project": 4,
    "profile": 39,
    "role": "o",
    "project_invitation_date": "2021-06-01T16:25:34.422",
    "invitation_refuse_date": null
  }
},
{
  "model": "project.team",
  "pk": 18,
  "fields": {
    "creator": 22,
    "last_modifier": 22,
    "date_create": "2021-06-01T16:56:05.717",
    "date_last_modify": "2021-06-01T16:56:05.717",
    "status": 1,
    "ordering": 0,
    "project": 1,
    "profile": 41,
    "role": "o",
    "project_invitation_date": "2021-06-01T16:56:05.713",
    "invitation_refuse_date": null
  }
},
{
  "model": "project.team",
  "pk": 21,
  "fields": {
    "creator": 14,
    "last_modifier": 14,
    "date_create": "2021-06-03T20:28:11.001",
    "date_last_modify": "2021-06-03T20:28:11.001",
    "status": 1,
    "ordering": 0,
    "project": 5,
    "profile": 27,
    "role": "o",
    "project_invitation_date": "2021-06-03T20:28:10.997",
    "invitation_refuse_date": null
  }
},
{
  "model": "project.team",
  "pk": 22,
  "fields": {
    "creator": 11,
    "last_modifier": 11,
    "date_create": "2021-06-03T20:33:38.399",
    "date_last_modify": "2021-06-03T20:33:38.399",
    "status": 1,
    "ordering": 0,
    "project": 6,
    "profile": 45,
    "role": "o",
    "project_invitation_date": "2021-06-03T20:33:38.395",
    "invitation_refuse_date": null
  }
},
{
  "model": "project.team",
  "pk": 23,
  "fields": {
    "creator": 9,
    "last_modifier": 9,
    "date_create": "2021-06-03T21:09:45.590",
    "date_last_modify": "2021-06-03T21:09:45.590",
    "status": 1,
    "ordering": 0,
    "project": 7,
    "profile": 47,
    "role": "o",
    "project_invitation_date": "2021-06-03T21:09:45.586",
    "invitation_refuse_date": null
  }
},
{
  "model": "project.team",
  "pk": 24,
  "fields": {
    "creator": 2,
    "last_modifier": 2,
    "date_create": "2021-06-03T22:50:51.091",
    "date_last_modify": "2021-06-03T22:50:51.091",
    "status": 1,
    "ordering": 0,
    "project": 8,
    "profile": 48,
    "role": "o",
    "project_invitation_date": "2021-06-03T22:50:51.088",
    "invitation_refuse_date": null
  }
},
{
  "model": "project.team",
  "pk": 25,
  "fields": {
    "creator": 12,
    "last_modifier": 12,
    "date_create": "2021-06-03T23:11:24.236",
    "date_last_modify": "2021-06-03T23:11:24.236",
    "status": 1,
    "ordering": 0,
    "project": 9,
    "profile": 49,
    "role": "o",
    "project_invitation_date": "2021-06-03T23:11:24.232",
    "invitation_refuse_date": null
  }
},
{
  "model": "project.team",
  "pk": 26,
  "fields": {
    "creator": 23,
    "last_modifier": 23,
    "date_create": "2021-06-03T23:16:42.468",
    "date_last_modify": "2021-06-03T23:16:42.468",
    "status": 1,
    "ordering": 0,
    "project": 10,
    "profile": 52,
    "role": "o",
    "project_invitation_date": "2021-06-03T23:16:42.464",
    "invitation_refuse_date": null
  }
},
{
  "model": "project.team",
  "pk": 27,
  "fields": {
    "creator": 23,
    "last_modifier": 23,
    "date_create": "2021-06-03T23:21:12.881",
    "date_last_modify": "2021-06-03T23:21:12.881",
    "status": 1,
    "ordering": 0,
    "project": 11,
    "profile": 51,
    "role": "o",
    "project_invitation_date": "2021-06-03T23:21:12.877",
    "invitation_refuse_date": null
  }
},
{
  "model": "project.team",
  "pk": 28,
  "fields": {
    "creator": 5,
    "last_modifier": 5,
    "date_create": "2021-06-04T10:24:45.823",
    "date_last_modify": "2021-06-04T10:24:45.823",
    "status": 1,
    "ordering": 0,
    "project": 12,
    "profile": 54,
    "role": "o",
    "project_invitation_date": "2021-06-04T10:24:45.820",
    "invitation_refuse_date": null
  }
},
{
  "model": "project.team",
  "pk": 31,
  "fields": {
    "creator": 5,
    "last_modifier": 5,
    "date_create": "2021-06-08T16:04:00.983",
    "date_last_modify": "2021-06-08T16:04:00.983",
    "status": 1,
    "ordering": 0,
    "project": 15,
    "profile": 61,
    "role": "o",
    "project_invitation_date": "2021-06-08T16:04:00.979",
    "invitation_refuse_date": null
  }
},
{
  "model": "project.team",
  "pk": 32,
  "fields": {
    "creator": 17,
    "last_modifier": 17,
    "date_create": "2021-06-08T16:25:12.685",
    "date_last_modify": "2021-06-08T16:25:12.685",
    "status": 1,
    "ordering": 0,
    "project": 16,
    "profile": 32,
    "role": "o",
    "project_invitation_date": "2021-06-08T16:25:12.681",
    "invitation_refuse_date": null
  }
},
{
  "model": "project.team",
  "pk": 34,
  "fields": {
    "creator": 8,
    "last_modifier": 8,
    "date_create": "2021-06-09T01:43:58.796",
    "date_last_modify": "2021-06-09T01:43:58.796",
    "status": 1,
    "ordering": 0,
    "project": 4,
    "profile": 16,
    "role": "d",
    "project_invitation_date": "2021-06-09T01:43:58.792",
    "invitation_refuse_date": null
  }
},
{
  "model": "project.team",
  "pk": 35,
  "fields": {
    "creator": 8,
    "last_modifier": 8,
    "date_create": "2021-06-09T01:48:45.262",
    "date_last_modify": "2021-06-09T01:48:45.262",
    "status": 1,
    "ordering": 0,
    "project": 4,
    "profile": 18,
    "role": "m",
    "project_invitation_date": "2021-06-09T01:48:45.259",
    "invitation_refuse_date": null
  }
},
{
  "model": "project.team",
  "pk": 36,
  "fields": {
    "creator": 27,
    "last_modifier": 27,
    "date_create": "2021-06-09T11:16:26.505",
    "date_last_modify": "2021-06-09T11:16:26.505",
    "status": 1,
    "ordering": 0,
    "project": 17,
    "profile": 60,
    "role": "o",
    "project_invitation_date": "2021-06-09T11:16:26.501",
    "invitation_refuse_date": null
  }
},
{
  "model": "project.team",
  "pk": 39,
  "fields": {
    "creator": 27,
    "last_modifier": 27,
    "date_create": "2021-06-10T09:12:35.498",
    "date_last_modify": "2021-06-10T09:12:35.498",
    "status": 1,
    "ordering": 0,
    "project": 20,
    "profile": 59,
    "role": "o",
    "project_invitation_date": "2021-06-10T09:12:35.494",
    "invitation_refuse_date": null
  }
},
{
  "model": "project.team",
  "pk": 40,
  "fields": {
    "creator": 28,
    "last_modifier": 28,
    "date_create": "2021-06-10T09:12:35.517",
    "date_last_modify": "2021-06-10T09:13:02.644",
    "status": 1,
    "ordering": 0,
    "project": 20,
    "profile": 64,
    "role": "o",
    "project_invitation_date": "2021-06-10T09:12:35.514",
    "invitation_refuse_date": null
  }
},
{
  "model": "project.team",
  "pk": 41,
  "fields": {
    "creator": 27,
    "last_modifier": 27,
    "date_create": "2021-06-10T09:12:46.673",
    "date_last_modify": "2021-06-10T09:12:46.673",
    "status": 1,
    "ordering": 0,
    "project": 21,
    "profile": 59,
    "role": "o",
    "project_invitation_date": "2021-06-10T09:12:46.669",
    "invitation_refuse_date": null
  }
},
{
  "model": "project.team",
  "pk": 42,
  "fields": {
    "creator": 7,
    "last_modifier": 7,
    "date_create": "2021-06-11T00:15:26.496",
    "date_last_modify": "2021-06-11T00:15:26.496",
    "status": 1,
    "ordering": 0,
    "project": 22,
    "profile": 12,
    "role": "o",
    "project_invitation_date": "2021-06-11T00:15:26.493",
    "invitation_refuse_date": null
  }
},
{
  "model": "project.team",
  "pk": 43,
  "fields": {
    "creator": 8,
    "last_modifier": 8,
    "date_create": "2021-06-13T13:04:14.337",
    "date_last_modify": "2021-06-13T13:04:14.337",
    "status": 1,
    "ordering": 0,
    "project": 23,
    "profile": 15,
    "role": "o",
    "project_invitation_date": "2021-06-13T13:04:14.333",
    "invitation_refuse_date": null
  }
},
{
  "model": "project.team",
  "pk": 44,
  "fields": {
    "creator": 5,
    "last_modifier": 5,
    "date_create": "2021-06-14T13:08:35.449",
    "date_last_modify": "2021-06-14T13:08:35.449",
    "status": 0,
    "ordering": 0,
    "project": 2,
    "profile": 10,
    "role": "o",
    "project_invitation_date": "2021-06-14T13:08:35.446",
    "invitation_refuse_date": null
  }
},
{
  "model": "project.team",
  "pk": 45,
  "fields": {
    "creator": 5,
    "last_modifier": 5,
    "date_create": "2021-06-14T13:09:05.734",
    "date_last_modify": "2021-06-14T13:09:05.734",
    "status": 1,
    "ordering": 0,
    "project": 2,
    "profile": 62,
    "role": "o",
    "project_invitation_date": "2021-06-14T13:09:05.730",
    "invitation_refuse_date": null
  }
},
{
  "model": "project.team",
  "pk": 46,
  "fields": {
    "creator": 2,
    "last_modifier": 2,
    "date_create": "2021-06-14T17:48:59.417",
    "date_last_modify": "2021-06-14T17:49:57.204",
    "status": 1,
    "ordering": 0,
    "project": 22,
    "profile": 48,
    "role": "o",
    "project_invitation_date": "2021-06-14T17:48:59.413",
    "invitation_refuse_date": null
  }
},
{
  "model": "project.team",
  "pk": 47,
  "fields": {
    "creator": 5,
    "last_modifier": 5,
    "date_create": "2021-06-14T21:04:08.756",
    "date_last_modify": "2021-06-14T21:05:09.321",
    "status": 1,
    "ordering": 0,
    "project": 23,
    "profile": 54,
    "role": "o",
    "project_invitation_date": "2021-06-14T21:04:08.753",
    "invitation_refuse_date": null
  }
},
{
  "model": "project.team",
  "pk": 48,
  "fields": {
    "creator": 5,
    "last_modifier": 5,
    "date_create": "2021-06-15T07:50:32.781",
    "date_last_modify": "2021-06-15T07:50:32.781",
    "status": 1,
    "ordering": 0,
    "project": 24,
    "profile": 9,
    "role": "o",
    "project_invitation_date": "2021-06-15T07:50:32.777",
    "invitation_refuse_date": null
  }
},
{
  "model": "project.team",
  "pk": 49,
  "fields": {
    "creator": 27,
    "last_modifier": 27,
    "date_create": "2021-06-15T12:15:51.234",
    "date_last_modify": "2021-06-15T12:15:51.234",
    "status": 1,
    "ordering": 0,
    "project": 25,
    "profile": 59,
    "role": "o",
    "project_invitation_date": "2021-06-15T12:15:51.230",
    "invitation_refuse_date": null
  }
},
{
  "model": "project.team",
  "pk": 50,
  "fields": {
    "creator": 31,
    "last_modifier": 31,
    "date_create": "2021-06-15T12:51:08.274",
    "date_last_modify": "2021-06-15T12:51:08.274",
    "status": 1,
    "ordering": 0,
    "project": 26,
    "profile": 72,
    "role": "o",
    "project_invitation_date": "2021-06-15T12:51:08.270",
    "invitation_refuse_date": null
  }
},
{
  "model": "project.team",
  "pk": 51,
  "fields": {
    "creator": 31,
    "last_modifier": 31,
    "date_create": "2021-06-15T12:51:08.295",
    "date_last_modify": "2021-06-15T12:51:08.295",
    "status": 0,
    "ordering": 0,
    "project": 26,
    "profile": 59,
    "role": "o",
    "project_invitation_date": "2021-06-15T12:51:08.291",
    "invitation_refuse_date": null
  }
},
{
  "model": "project.team",
  "pk": 52,
  "fields": {
    "creator": 4,
    "last_modifier": 4,
    "date_create": "2021-06-15T13:06:31.092",
    "date_last_modify": "2021-06-15T13:06:31.092",
    "status": 1,
    "ordering": 0,
    "project": 27,
    "profile": 73,
    "role": "o",
    "project_invitation_date": "2021-06-15T13:06:31.089",
    "invitation_refuse_date": null
  }
},
{
  "model": "project.team",
  "pk": 53,
  "fields": {
    "creator": 5,
    "last_modifier": 5,
    "date_create": "2021-06-15T14:42:02.053",
    "date_last_modify": "2021-06-15T14:42:02.053",
    "status": 1,
    "ordering": 0,
    "project": 28,
    "profile": 53,
    "role": "o",
    "project_invitation_date": "2021-06-15T14:42:02.049",
    "invitation_refuse_date": null
  }
},
{
  "model": "project.team",
  "pk": 54,
  "fields": {
    "creator": 5,
    "last_modifier": 5,
    "date_create": "2021-06-15T14:54:20.760",
    "date_last_modify": "2021-06-15T14:54:20.760",
    "status": 1,
    "ordering": 0,
    "project": 22,
    "profile": 9,
    "role": "o",
    "project_invitation_date": "2021-06-15T14:54:20.757",
    "invitation_refuse_date": null
  }
},
{
  "model": "project.team",
  "pk": 55,
  "fields": {
    "creator": 32,
    "last_modifier": 32,
    "date_create": "2021-06-15T21:40:01.606",
    "date_last_modify": "2021-06-15T21:40:01.606",
    "status": 1,
    "ordering": 0,
    "project": 29,
    "profile": 77,
    "role": "o",
    "project_invitation_date": "2021-06-15T21:40:01.602",
    "invitation_refuse_date": null
  }
},
{
  "model": "project.team",
  "pk": 57,
  "fields": {
    "creator": 32,
    "last_modifier": 32,
    "date_create": "2021-06-15T21:51:27.294",
    "date_last_modify": "2021-06-15T21:51:27.294",
    "status": 1,
    "ordering": 0,
    "project": 31,
    "profile": 79,
    "role": "o",
    "project_invitation_date": "2021-06-15T21:51:27.290",
    "invitation_refuse_date": null
  }
},
{
  "model": "project.team",
  "pk": 58,
  "fields": {
    "creator": 32,
    "last_modifier": 32,
    "date_create": "2021-06-15T21:54:25.287",
    "date_last_modify": "2021-06-15T21:54:25.287",
    "status": 1,
    "ordering": 0,
    "project": 32,
    "profile": 80,
    "role": "o",
    "project_invitation_date": "2021-06-15T21:54:25.283",
    "invitation_refuse_date": null
  }
},
{
  "model": "project.team",
  "pk": 63,
  "fields": {
    "creator": 17,
    "last_modifier": 17,
    "date_create": "2021-06-15T22:22:49.723",
    "date_last_modify": "2021-06-15T22:22:49.723",
    "status": 1,
    "ordering": 0,
    "project": 37,
    "profile": 83,
    "role": "o",
    "project_invitation_date": "2021-06-15T22:22:49.719",
    "invitation_refuse_date": null
  }
},
{
  "model": "project.team",
  "pk": 64,
  "fields": {
    "creator": 8,
    "last_modifier": 8,
    "date_create": "2021-06-15T22:22:49.742",
    "date_last_modify": "2021-06-15T22:36:29.117",
    "status": 1,
    "ordering": 0,
    "project": 37,
    "profile": 15,
    "role": "o",
    "project_invitation_date": "2021-06-15T22:22:49.739",
    "invitation_refuse_date": null
  }
},
{
  "model": "project.team",
  "pk": 68,
  "fields": {
    "creator": 12,
    "last_modifier": 12,
    "date_create": "2021-06-16T14:49:03.305",
    "date_last_modify": "2021-06-16T14:49:03.305",
    "status": 1,
    "ordering": 0,
    "project": 40,
    "profile": 23,
    "role": "o",
    "project_invitation_date": "2021-06-16T14:49:03.301",
    "invitation_refuse_date": null
  }
},
{
  "model": "project.team",
  "pk": 69,
  "fields": {
    "creator": 5,
    "last_modifier": 5,
    "date_create": "2021-06-17T07:40:10.771",
    "date_last_modify": "2021-06-17T07:40:10.771",
    "status": 1,
    "ordering": 0,
    "project": 41,
    "profile": 9,
    "role": "o",
    "project_invitation_date": "2021-06-17T07:40:10.767",
    "invitation_refuse_date": null
  }
},
{
  "model": "project.projectcompanycolorassignment",
  "pk": 1,
  "fields": {
    "project": 1,
    "company": 1,
    "color": "#FF7043"
  }
},
{
  "model": "project.projectcompanycolorassignment",
  "pk": 2,
  "fields": {
    "project": 2,
    "company": 2,
    "color": "#26A69A"
  }
},
{
  "model": "project.projectcompanycolorassignment",
  "pk": 4,
  "fields": {
    "project": 4,
    "company": 3,
    "color": "#29B6F6"
  }
},
{
  "model": "project.projectcompanycolorassignment",
  "pk": 5,
  "fields": {
    "project": 4,
    "company": 5,
    "color": "#D4E157"
  }
},
{
  "model": "project.projectcompanycolorassignment",
  "pk": 6,
  "fields": {
    "project": 4,
    "company": 6,
    "color": "#7E57C2"
  }
},
{
  "model": "project.projectcompanycolorassignment",
  "pk": 7,
  "fields": {
    "project": 4,
    "company": 7,
    "color": "#BDBDBD"
  }
},
{
  "model": "project.projectcompanycolorassignment",
  "pk": 8,
  "fields": {
    "project": 4,
    "company": 8,
    "color": "#26C6DA"
  }
},
{
  "model": "project.projectcompanycolorassignment",
  "pk": 9,
  "fields": {
    "project": 4,
    "company": 9,
    "color": "#FF7043"
  }
},
{
  "model": "project.projectcompanycolorassignment",
  "pk": 10,
  "fields": {
    "project": 4,
    "company": 10,
    "color": "#26C6DA"
  }
},
{
  "model": "project.projectcompanycolorassignment",
  "pk": 11,
  "fields": {
    "project": 4,
    "company": 11,
    "color": "#FF7043"
  }
},
{
  "model": "project.projectcompanycolorassignment",
  "pk": 12,
  "fields": {
    "project": 1,
    "company": 12,
    "color": "#66BB6A"
  }
},
{
  "model": "project.projectcompanycolorassignment",
  "pk": 14,
  "fields": {
    "project": 5,
    "company": 7,
    "color": "#42A5F5"
  }
},
{
  "model": "project.projectcompanycolorassignment",
  "pk": 15,
  "fields": {
    "project": 6,
    "company": 16,
    "color": "#FFCA28"
  }
},
{
  "model": "project.projectcompanycolorassignment",
  "pk": 16,
  "fields": {
    "project": 7,
    "company": 18,
    "color": "#EF5350"
  }
},
{
  "model": "project.projectcompanycolorassignment",
  "pk": 17,
  "fields": {
    "project": 8,
    "company": 19,
    "color": "#29B6F6"
  }
},
{
  "model": "project.projectcompanycolorassignment",
  "pk": 18,
  "fields": {
    "project": 9,
    "company": 20,
    "color": "#26A69A"
  }
},
{
  "model": "project.projectcompanycolorassignment",
  "pk": 19,
  "fields": {
    "project": 10,
    "company": 22,
    "color": "#66BB6A"
  }
},
{
  "model": "project.projectcompanycolorassignment",
  "pk": 20,
  "fields": {
    "project": 11,
    "company": 21,
    "color": "#42A5F5"
  }
},
{
  "model": "project.projectcompanycolorassignment",
  "pk": 21,
  "fields": {
    "project": 12,
    "company": 24,
    "color": "#FFA726"
  }
},
{
  "model": "project.projectcompanycolorassignment",
  "pk": 24,
  "fields": {
    "project": 15,
    "company": 27,
    "color": "#5C6BC0"
  }
},
{
  "model": "project.projectcompanycolorassignment",
  "pk": 25,
  "fields": {
    "project": 16,
    "company": 8,
    "color": "#9CCC65"
  }
},
{
  "model": "project.projectcompanycolorassignment",
  "pk": 26,
  "fields": {
    "project": 17,
    "company": 26,
    "color": "#29B6F6"
  }
},
{
  "model": "project.projectcompanycolorassignment",
  "pk": 29,
  "fields": {
    "project": 20,
    "company": 25,
    "color": "#42A5F5"
  }
},
{
  "model": "project.projectcompanycolorassignment",
  "pk": 30,
  "fields": {
    "project": 21,
    "company": 25,
    "color": "#9CCC65"
  }
},
{
  "model": "project.projectcompanycolorassignment",
  "pk": 31,
  "fields": {
    "project": 22,
    "company": 3,
    "color": "#EF5350"
  }
},
{
  "model": "project.projectcompanycolorassignment",
  "pk": 32,
  "fields": {
    "project": 23,
    "company": 5,
    "color": "#EF5350"
  }
},
{
  "model": "project.projectcompanycolorassignment",
  "pk": 33,
  "fields": {
    "project": 2,
    "company": 4,
    "color": "#FF7043"
  }
},
{
  "model": "project.projectcompanycolorassignment",
  "pk": 34,
  "fields": {
    "project": 22,
    "company": 19,
    "color": "#7E57C2"
  }
},
{
  "model": "project.projectcompanycolorassignment",
  "pk": 35,
  "fields": {
    "project": 23,
    "company": 24,
    "color": "#29B6F6"
  }
},
{
  "model": "project.projectcompanycolorassignment",
  "pk": 36,
  "fields": {
    "project": 24,
    "company": 3,
    "color": "#EF5350"
  }
},
{
  "model": "project.projectcompanycolorassignment",
  "pk": 37,
  "fields": {
    "project": 25,
    "company": 25,
    "color": "#EC407A"
  }
},
{
  "model": "project.projectcompanycolorassignment",
  "pk": 38,
  "fields": {
    "project": 26,
    "company": 32,
    "color": "#EC407A"
  }
},
{
  "model": "project.projectcompanycolorassignment",
  "pk": 39,
  "fields": {
    "project": 27,
    "company": 33,
    "color": "#26A69A"
  }
},
{
  "model": "project.projectcompanycolorassignment",
  "pk": 40,
  "fields": {
    "project": 28,
    "company": 23,
    "color": "#FFCA28"
  }
},
{
  "model": "project.projectcompanycolorassignment",
  "pk": 41,
  "fields": {
    "project": 29,
    "company": 34,
    "color": "#FF7043"
  }
},
{
  "model": "project.projectcompanycolorassignment",
  "pk": 43,
  "fields": {
    "project": 31,
    "company": 36,
    "color": "#FFCA28"
  }
},
{
  "model": "project.projectcompanycolorassignment",
  "pk": 44,
  "fields": {
    "project": 32,
    "company": 37,
    "color": "#FF7043"
  }
},
{
  "model": "project.projectcompanycolorassignment",
  "pk": 49,
  "fields": {
    "project": 37,
    "company": 40,
    "color": "#BDBDBD"
  }
},
{
  "model": "project.projectcompanycolorassignment",
  "pk": 52,
  "fields": {
    "project": 40,
    "company": 6,
    "color": "#78909C"
  }
},
{
  "model": "project.projectcompanycolorassignment",
  "pk": 53,
  "fields": {
    "project": 41,
    "company": 3,
    "color": "#D4E157"
  }
},
{
  "model": "project.mediaassignment",
  "pk": 1,
  "fields": {
    "ordering": 0,
    "post": 1,
    "comment": null,
    "activity": null,
    "task": null,
    "media": "tasks/1/activities/1/posts/1/company.jpg"
  }
},
{
  "model": "project.mediaassignment",
  "pk": 2,
  "fields": {
    "ordering": 0,
    "post": 2,
    "comment": null,
    "activity": null,
    "task": null,
    "media": "tasks/1/activities/1/posts/2/JPEG_20210530_123909_6208983234860026132.jpg"
  }
},
{
  "model": "project.mediaassignment",
  "pk": 4,
  "fields": {
    "ordering": 0,
    "post": null,
    "comment": null,
    "activity": null,
    "task": 1,
    "media": "tasks/1/FB_IMG_1622441302099.jpg"
  }
},
{
  "model": "project.mediaassignment",
  "pk": 10,
  "fields": {
    "ordering": 0,
    "post": 6,
    "comment": null,
    "activity": null,
    "task": null,
    "media": "tasks/16/activities/16/posts/6/IMG_20210530_144418_868.jpg"
  }
},
{
  "model": "project.mediaassignment",
  "pk": 11,
  "fields": {
    "ordering": 0,
    "post": 6,
    "comment": null,
    "activity": null,
    "task": null,
    "media": "tasks/16/activities/16/posts/6/IMG_20210530_144418_858.jpg"
  }
},
{
  "model": "project.mediaassignment",
  "pk": 12,
  "fields": {
    "ordering": 0,
    "post": 6,
    "comment": null,
    "activity": null,
    "task": null,
    "media": "tasks/16/activities/16/posts/6/IMG_20210530_143931.jpg"
  }
},
{
  "model": "project.mediaassignment",
  "pk": 13,
  "fields": {
    "ordering": 0,
    "post": null,
    "comment": null,
    "activity": null,
    "task": 2,
    "media": "tasks/2/3b8ad2c7b1be2caf24321c852103598a.jpg"
  }
},
{
  "model": "project.mediaassignment",
  "pk": 14,
  "fields": {
    "ordering": 0,
    "post": 7,
    "comment": null,
    "activity": null,
    "task": null,
    "media": "tasks/1/activities/4/posts/7/JPEG_20210604_005506_8274945025081052987.jpg"
  }
},
{
  "model": "project.mediaassignment",
  "pk": 15,
  "fields": {
    "ordering": 0,
    "post": 8,
    "comment": null,
    "activity": null,
    "task": null,
    "media": "tasks/1/activities/1/posts/8/JPEG_20210605_100826_1017885889447126386.jpg"
  }
},
{
  "model": "project.mediaassignment",
  "pk": 16,
  "fields": {
    "ordering": 0,
    "post": 9,
    "comment": null,
    "activity": null,
    "task": null,
    "media": "tasks/1/activities/1/posts/9/JPEG_20210605_182002_4906508547529301040.jpg"
  }
},
{
  "model": "project.mediaassignment",
  "pk": 20,
  "fields": {
    "ordering": 0,
    "post": 17,
    "comment": null,
    "activity": null,
    "task": null,
    "media": "tasks/4/activities/4/posts/17/Inked20160924_15394jh5_LI.jpg"
  }
},
{
  "model": "project.mediaassignment",
  "pk": 21,
  "fields": {
    "ordering": 0,
    "post": 18,
    "comment": null,
    "activity": null,
    "task": null,
    "media": "tasks/4/activities/4/posts/18/Inked20160924_153514_LI.jpg"
  }
},
{
  "model": "project.mediaassignment",
  "pk": 22,
  "fields": {
    "ordering": 0,
    "post": 19,
    "comment": null,
    "activity": null,
    "task": null,
    "media": "tasks/5/activities/5/posts/19/4.demolizioni.jpg"
  }
},
{
  "model": "project.mediaassignment",
  "pk": 23,
  "fields": {
    "ordering": 0,
    "post": 20,
    "comment": null,
    "activity": null,
    "task": null,
    "media": "tasks/5/activities/5/posts/20/Inkedsss_LI.jpg"
  }
},
{
  "model": "project.mediaassignment",
  "pk": 24,
  "fields": {
    "ordering": 0,
    "post": 21,
    "comment": null,
    "activity": null,
    "task": null,
    "media": "tasks/5/activities/5/posts/21/Inkeddemolizione-tavolati-inssdterni-608740_LI.jpg"
  }
},
{
  "model": "project.mediaassignment",
  "pk": 25,
  "fields": {
    "ordering": 0,
    "post": null,
    "comment": 17,
    "activity": null,
    "task": null,
    "media": "tasks/5/activities/5/posts/20/comments/17/images.jpg"
  }
},
{
  "model": "project.mediaassignment",
  "pk": 26,
  "fields": {
    "ordering": 0,
    "post": 22,
    "comment": null,
    "activity": null,
    "task": null,
    "media": "tasks/7/activities/7/posts/22/20161115_1624ss36.jpg"
  }
},
{
  "model": "project.mediaassignment",
  "pk": 27,
  "fields": {
    "ordering": 0,
    "post": 24,
    "comment": null,
    "activity": null,
    "task": null,
    "media": "tasks/7/activities/7/posts/24/Inked20161115_jh162537_1_LI.jpg"
  }
},
{
  "model": "project.mediaassignment",
  "pk": 28,
  "fields": {
    "ordering": 0,
    "post": 25,
    "comment": null,
    "activity": null,
    "task": null,
    "media": "tasks/9/activities/9/posts/25/20170324_090231.jpg"
  }
},
{
  "model": "project.mediaassignment",
  "pk": 29,
  "fields": {
    "ordering": 0,
    "post": 26,
    "comment": null,
    "activity": null,
    "task": null,
    "media": "tasks/9/activities/9/posts/26/Inked20170324_09015d0_LI.jpg"
  }
},
{
  "model": "project.mediaassignment",
  "pk": 30,
  "fields": {
    "ordering": 0,
    "post": 27,
    "comment": null,
    "activity": null,
    "task": null,
    "media": "tasks/8/activities/8/posts/27/20161213_16hjj4001.jpg"
  }
},
{
  "model": "project.mediaassignment",
  "pk": 31,
  "fields": {
    "ordering": 0,
    "post": 28,
    "comment": null,
    "activity": null,
    "task": null,
    "media": "tasks/8/activities/8/posts/28/20170121_16171jhj4.jpg"
  }
},
{
  "model": "project.mediaassignment",
  "pk": 32,
  "fields": {
    "ordering": 0,
    "post": null,
    "comment": 25,
    "activity": null,
    "task": null,
    "media": "tasks/8/activities/8/posts/28/comments/25/20170121_161742.jpg"
  }
},
{
  "model": "project.mediaassignment",
  "pk": 33,
  "fields": {
    "ordering": 0,
    "post": 29,
    "comment": null,
    "activity": null,
    "task": null,
    "media": "tasks/10/activities/10/posts/29/Inked20170321_15dfd3019_LI.jpg"
  }
},
{
  "model": "project.mediaassignment",
  "pk": 34,
  "fields": {
    "ordering": 0,
    "post": 30,
    "comment": null,
    "activity": null,
    "task": null,
    "media": "tasks/10/activities/10/posts/30/20170321_153132.jpg"
  }
},
{
  "model": "project.mediaassignment",
  "pk": 35,
  "fields": {
    "ordering": 0,
    "post": 31,
    "comment": null,
    "activity": null,
    "task": null,
    "media": "tasks/10/activities/10/posts/31/Inked20170321_15300sds8_LI.jpg"
  }
},
{
  "model": "project.mediaassignment",
  "pk": 36,
  "fields": {
    "ordering": 0,
    "post": 32,
    "comment": null,
    "activity": null,
    "task": null,
    "media": "tasks/12/activities/12/posts/32/20170503_140505.jpg"
  }
},
{
  "model": "project.mediaassignment",
  "pk": 37,
  "fields": {
    "ordering": 0,
    "post": 33,
    "comment": null,
    "activity": null,
    "task": null,
    "media": "tasks/13/activities/13/posts/33/20170503_140536.jpg"
  }
},
{
  "model": "project.mediaassignment",
  "pk": 38,
  "fields": {
    "ordering": 0,
    "post": null,
    "comment": null,
    "activity": null,
    "task": 5,
    "media": "tasks/5/images.png"
  }
},
{
  "model": "project.mediaassignment",
  "pk": 39,
  "fields": {
    "ordering": 0,
    "post": null,
    "comment": null,
    "activity": null,
    "task": 4,
    "media": "tasks/4/images.png"
  }
},
{
  "model": "project.mediaassignment",
  "pk": 41,
  "fields": {
    "ordering": 0,
    "post": 44,
    "comment": null,
    "activity": null,
    "task": null,
    "media": "tasks/27/activities/27/posts/44/Errore_403.PNG"
  }
},
{
  "model": "project.mediaassignment",
  "pk": 42,
  "fields": {
    "ordering": 0,
    "post": 47,
    "comment": null,
    "activity": null,
    "task": null,
    "media": "tasks/26/activities/26/posts/47/Gantt.png"
  }
},
{
  "model": "project.mediaassignment",
  "pk": 43,
  "fields": {
    "ordering": 0,
    "post": 48,
    "comment": null,
    "activity": null,
    "task": null,
    "media": "tasks/26/activities/26/posts/48/Task.png"
  }
},
{
  "model": "project.mediaassignment",
  "pk": 44,
  "fields": {
    "ordering": 0,
    "post": 49,
    "comment": null,
    "activity": null,
    "task": null,
    "media": "tasks/23/activities/23/posts/49/IMG_20210615_111934.jpg"
  }
},
{
  "model": "project.mediaassignment",
  "pk": 45,
  "fields": {
    "ordering": 0,
    "post": 50,
    "comment": null,
    "activity": null,
    "task": null,
    "media": "tasks/25/activities/25/posts/50/JPEG_3532302869200156798621.jpg"
  }
},
{
  "model": "project.mediaassignment",
  "pk": 46,
  "fields": {
    "ordering": 0,
    "post": 51,
    "comment": null,
    "activity": null,
    "task": null,
    "media": "tasks/25/activities/25/posts/51/JPEG_6056951182683006888179718608749942.jpg"
  }
},
{
  "model": "project.mediaassignment",
  "pk": 47,
  "fields": {
    "ordering": 0,
    "post": null,
    "comment": null,
    "activity": null,
    "task": 25,
    "media": "tasks/25/\u89c6\u89c9\u4e2d\u56fd_\u690d\u7269_4__1dcba37c-1183-4d4b-9d3a-9c67c5c0bce1.jpg"
  }
},
{
  "model": "project.mediaassignment",
  "pk": 48,
  "fields": {
    "ordering": 0,
    "post": 52,
    "comment": null,
    "activity": null,
    "task": null,
    "media": "tasks/25/activities/25/posts/52/IMG-20210430-WA0000.jpg"
  }
},
{
  "model": "project.mediaassignment",
  "pk": 49,
  "fields": {
    "ordering": 0,
    "post": 53,
    "comment": null,
    "activity": null,
    "task": null,
    "media": "tasks/23/activities/23/posts/53/trrpnwa.png"
  }
},
{
  "model": "project.mediaassignment",
  "pk": 50,
  "fields": {
    "ordering": 0,
    "post": 55,
    "comment": null,
    "activity": null,
    "task": null,
    "media": "tasks/31/activities/31/posts/55/70_euro_titolo_studio.PNG"
  }
},
{
  "model": "project.mediaassignment",
  "pk": 52,
  "fields": {
    "ordering": 0,
    "post": null,
    "comment": null,
    "activity": null,
    "task": 4,
    "media": "tasks/4/FIle_manager_bug.docx"
  }
},
{
  "model": "project.mediaassignment",
  "pk": 53,
  "fields": {
    "ordering": 0,
    "post": 59,
    "comment": null,
    "activity": null,
    "task": null,
    "media": "tasks/33/activities/33/posts/59/bigstock-Construction-manager-controlli-34005284-720x480.jpg"
  }
},
{
  "model": "project.mediaassignment",
  "pk": 54,
  "fields": {
    "ordering": 0,
    "post": null,
    "comment": 104,
    "activity": null,
    "task": null,
    "media": "tasks/33/activities/33/posts/59/comments/104/Cattursdsa.PNG"
  }
},
{
  "model": "project.mediaassignment",
  "pk": 55,
  "fields": {
    "ordering": 0,
    "post": 60,
    "comment": null,
    "activity": null,
    "task": null,
    "media": "tasks/36/activities/36/posts/60/bigstock-Construction-manager-controlli-34005284-720x480.jpg"
  }
},
{
  "model": "project.mediaassignment",
  "pk": 57,
  "fields": {
    "ordering": 0,
    "post": 62,
    "comment": null,
    "activity": null,
    "task": null,
    "media": "tasks/40/activities/40/posts/62/70_euro_titolo_studio.PNG"
  }
},
{
  "model": "project.mediaassignment",
  "pk": 60,
  "fields": {
    "ordering": 0,
    "post": 68,
    "comment": null,
    "activity": null,
    "task": null,
    "media": "tasks/25/activities/25/posts/68/1623832253806.png"
  }
},
{
  "model": "project.mediaassignment",
  "pk": 61,
  "fields": {
    "ordering": 0,
    "post": 69,
    "comment": null,
    "activity": null,
    "task": null,
    "media": "tasks/25/activities/25/posts/69/VID_20210616_141325.mp4"
  }
},
{
  "model": "project.mediaassignment",
  "pk": 62,
  "fields": {
    "ordering": 0,
    "post": 70,
    "comment": null,
    "activity": null,
    "task": null,
    "media": "tasks/25/activities/25/posts/70/JPEG_20210616_150940_1320411450.jpg"
  }
},
{
  "model": "project.mediaassignment",
  "pk": 63,
  "fields": {
    "ordering": 0,
    "post": 71,
    "comment": null,
    "activity": null,
    "task": null,
    "media": "tasks/26/activities/26/posts/71/1623843075394.png.jpg"
  }
},
{
  "model": "project.mediaassignment",
  "pk": 64,
  "fields": {
    "ordering": 0,
    "post": 72,
    "comment": null,
    "activity": null,
    "task": null,
    "media": "tasks/44/activities/44/posts/72/1623854983403.png"
  }
},
{
  "model": "project.mediaassignment",
  "pk": 65,
  "fields": {
    "ordering": 0,
    "post": 73,
    "comment": null,
    "activity": null,
    "task": null,
    "media": "tasks/44/activities/44/posts/73/1623855057630.png"
  }
},
{
  "model": "project.mediaassignment",
  "pk": 66,
  "fields": {
    "ordering": 0,
    "post": 76,
    "comment": null,
    "activity": null,
    "task": null,
    "media": "tasks/44/activities/44/posts/76/1623855156142.png"
  }
},
{
  "model": "project.mediaassignment",
  "pk": 67,
  "fields": {
    "ordering": 0,
    "post": null,
    "comment": null,
    "activity": null,
    "task": 7,
    "media": "tasks/7/JPEG_20210616_165505_1633365649722431448.jpg"
  }
},
{
  "model": "project.mediaassignment",
  "pk": 69,
  "fields": {
    "ordering": 0,
    "post": null,
    "comment": null,
    "activity": null,
    "task": 32,
    "media": "tasks/32/download_5.doc"
  }
},
{
  "model": "project.mediaassignment",
  "pk": 70,
  "fields": {
    "ordering": 0,
    "post": 78,
    "comment": null,
    "activity": null,
    "task": null,
    "media": "tasks/45/activities/45/posts/78/1623878101376.png.jpg"
  }
},
{
  "model": "project.mediaassignment",
  "pk": 71,
  "fields": {
    "ordering": 0,
    "post": 79,
    "comment": null,
    "activity": null,
    "task": null,
    "media": "tasks/45/activities/45/posts/79/1623878129638.png.jpg"
  }
},
{
  "model": "project.mediaassignment",
  "pk": 72,
  "fields": {
    "ordering": 0,
    "post": 80,
    "comment": null,
    "activity": null,
    "task": null,
    "media": "tasks/45/activities/45/posts/80/1623878152724.png.jpg"
  }
},
{
  "model": "project.mediaassignment",
  "pk": 73,
  "fields": {
    "ordering": 0,
    "post": 81,
    "comment": null,
    "activity": null,
    "task": null,
    "media": "tasks/45/activities/45/posts/81/1623878178001.png.jpg"
  }
},
{
  "model": "project.mediaassignment",
  "pk": 74,
  "fields": {
    "ordering": 0,
    "post": 82,
    "comment": null,
    "activity": null,
    "task": null,
    "media": "tasks/45/activities/45/posts/82/1623878208776.png.jpg"
  }
},
{
  "model": "project.mediaassignment",
  "pk": 75,
  "fields": {
    "ordering": 0,
    "post": 83,
    "comment": null,
    "activity": null,
    "task": null,
    "media": "tasks/45/activities/45/posts/83/1623878250104.png.jpg"
  }
},
{
  "model": "project.mediaassignment",
  "pk": 77,
  "fields": {
    "ordering": 0,
    "post": 85,
    "comment": null,
    "activity": null,
    "task": null,
    "media": "tasks/43/activities/43/posts/85/JPEG_20210616_233117_6852574131529440818.jpg"
  }
},
{
  "model": "project.mediaassignment",
  "pk": 78,
  "fields": {
    "ordering": 0,
    "post": null,
    "comment": null,
    "activity": null,
    "task": 46,
    "media": "tasks/46/JPEG_20210616_233331_4914416112303660104.jpg"
  }
},
{
  "model": "project.mediaassignment",
  "pk": 79,
  "fields": {
    "ordering": 0,
    "post": 86,
    "comment": null,
    "activity": null,
    "task": null,
    "media": "tasks/44/activities/44/posts/86/JPEG_20210616_233828_188100374508449190.jpg"
  }
},
{
  "model": "project.post",
  "pk": 1,
  "fields": {
    "ordering": 0,
    "sub_task": null,
    "task": 1,
    "author": 2,
    "is_public": true,
    "alert": false,
    "text": "Di cosa stiamo parlando?",
    "created_date": "2021-05-29T09:51:43.451",
    "published_date": "2021-06-01T22:27:37.510",
    "unique_code": "7828b0c0-c063-11eb-90aa-25033e0a3e8d"
  }
},
{
  "model": "project.post",
  "pk": 2,
  "fields": {
    "ordering": 0,
    "sub_task": null,
    "task": 1,
    "author": 2,
    "is_public": true,
    "alert": false,
    "text": "Lago di Tenno",
    "created_date": "2021-05-30T10:39:31.640",
    "published_date": "2021-05-30T10:39:31.640",
    "unique_code": "4fb336d0-c133-11eb-b70e-2de97765d106"
  }
},
{
  "model": "project.post",
  "pk": 5,
  "fields": {
    "ordering": 0,
    "sub_task": null,
    "task": 1,
    "author": 2,
    "is_public": false,
    "alert": true,
    "text": "Ciao",
    "created_date": "2021-06-01T22:23:27.048",
    "published_date": "2021-06-01T22:30:27.759",
    "unique_code": "fc183d80-c327-11eb-a8a9-d51d3982aa5d"
  }
},
{
  "model": "project.post",
  "pk": 6,
  "fields": {
    "ordering": 0,
    "sub_task": null,
    "task": 16,
    "author": 2,
    "is_public": false,
    "alert": true,
    "text": "",
    "created_date": "2021-06-01T22:28:43.632",
    "published_date": "2021-06-01T22:37:05.922",
    "unique_code": "b70ca720-c328-11eb-a8a9-d51d3982aa5d"
  }
},
{
  "model": "project.post",
  "pk": 7,
  "fields": {
    "ordering": 0,
    "sub_task": 4,
    "task": null,
    "author": 2,
    "is_public": true,
    "alert": true,
    "text": "Ottimo lavoro",
    "created_date": "2021-06-03T22:55:24.757",
    "published_date": "2021-06-03T22:55:31.510",
    "unique_code": "c6e0e570-c4be-11eb-801c-598b3812b9cb"
  }
},
{
  "model": "project.post",
  "pk": 8,
  "fields": {
    "ordering": 0,
    "sub_task": null,
    "task": 1,
    "author": 2,
    "is_public": true,
    "alert": false,
    "text": "",
    "created_date": "2021-06-05T08:08:39.370",
    "published_date": "2021-06-05T08:08:39.370",
    "unique_code": "3a3b41c0-c5d5-11eb-8ea1-eb9618512c02"
  }
},
{
  "model": "project.post",
  "pk": 9,
  "fields": {
    "ordering": 0,
    "sub_task": null,
    "task": 1,
    "author": 2,
    "is_public": true,
    "alert": false,
    "text": "",
    "created_date": "2021-06-05T16:20:15.404",
    "published_date": "2021-06-05T16:20:41.177",
    "unique_code": "e76d15a0-c619-11eb-8a5a-1bca4ea55c0f"
  }
},
{
  "model": "project.post",
  "pk": 12,
  "fields": {
    "ordering": 0,
    "sub_task": null,
    "task": 22,
    "author": 61,
    "is_public": false,
    "alert": false,
    "text": "yuttuy",
    "created_date": "2021-06-09T00:04:38.170",
    "published_date": "2021-06-13T12:09:18.481",
    "unique_code": "47962f40-c8b6-11eb-903c-1789bf000944"
  }
},
{
  "model": "project.post",
  "pk": 17,
  "fields": {
    "ordering": 0,
    "sub_task": null,
    "task": 4,
    "author": 9,
    "is_public": true,
    "alert": false,
    "text": "In questo settore passeranno le tubazioni dei sanitari che si collegano con la fogna esterna",
    "created_date": "2021-06-09T01:37:32.759",
    "published_date": "2021-06-13T12:11:11.558",
    "unique_code": "41cd8ce0-c8c3-11eb-aa62-7bbf61235a98"
  }
},
{
  "model": "project.post",
  "pk": 18,
  "fields": {
    "ordering": 0,
    "sub_task": null,
    "task": 4,
    "author": 9,
    "is_public": false,
    "alert": true,
    "text": "Segnare sul disegno che la finestra nel soggiorno va modificata. Il cliente chiede di abbattere il muro e montare una portafinestra",
    "created_date": "2021-06-09T01:38:05.106",
    "published_date": "2021-06-16T21:17:36.087",
    "unique_code": "54795db0-c8c3-11eb-aa62-7bbf61235a98"
  }
},
{
  "model": "project.post",
  "pk": 19,
  "fields": {
    "ordering": 0,
    "sub_task": null,
    "task": 5,
    "author": 15,
    "is_public": true,
    "alert": false,
    "text": "La cucina \u00e8 stata smantellata e abbiamo cominciato la demolizione della parate",
    "created_date": "2021-06-09T01:42:38.826",
    "published_date": "2021-06-16T21:40:28.070",
    "unique_code": "f8cb19d0-c8c3-11eb-903c-1789bf000944"
  }
},
{
  "model": "project.post",
  "pk": 20,
  "fields": {
    "ordering": 0,
    "sub_task": null,
    "task": 5,
    "author": 16,
    "is_public": false,
    "alert": false,
    "text": "Cerchiamo di lavorare in sicurezza e puliamo le macerie",
    "created_date": "2021-06-09T01:47:00.434",
    "published_date": "2021-06-15T21:07:02.760",
    "unique_code": "94043120-c8c4-11eb-aa62-7bbf61235a98"
  }
},
{
  "model": "project.post",
  "pk": 21,
  "fields": {
    "ordering": 0,
    "sub_task": null,
    "task": 5,
    "author": 18,
    "is_public": true,
    "alert": true,
    "text": "Per proseguire mi servono le misure della porta, ho notificato il post e attendo istruzioni.",
    "created_date": "2021-06-09T01:53:25.877",
    "published_date": "2021-06-16T21:48:56.743",
    "unique_code": "7a748060-c8c5-11eb-aa62-7bbf61235a98"
  }
},
{
  "model": "project.post",
  "pk": 22,
  "fields": {
    "ordering": 0,
    "sub_task": null,
    "task": 7,
    "author": 23,
    "is_public": true,
    "alert": false,
    "text": "I collegameti dei tubi dei sanitari sono stati installati e abbiamo controllato tutte le pendenze",
    "created_date": "2021-06-09T02:11:23.064",
    "published_date": "2021-06-09T02:11:23.064",
    "unique_code": "fbe136a0-c8c7-11eb-903c-1789bf000944"
  }
},
{
  "model": "project.post",
  "pk": 24,
  "fields": {
    "ordering": 0,
    "sub_task": null,
    "task": 7,
    "author": 12,
    "is_public": true,
    "alert": true,
    "text": "Ho verificato la posa dei tubi e sono stati installati correttamente, posso dare il via per la copertura?",
    "created_date": "2021-06-09T02:21:14.085",
    "published_date": "2021-06-13T12:09:43.448",
    "unique_code": "5a1724e0-c8c9-11eb-aa62-7bbf61235a98"
  }
},
{
  "model": "project.post",
  "pk": 25,
  "fields": {
    "ordering": 0,
    "sub_task": null,
    "task": 9,
    "author": 24,
    "is_public": true,
    "alert": false,
    "text": "Non sono riuscito a collegare i tubi esterni perch\u00e8 ho bisogno di un ulteriore scavo in torno alla fossa biologica. Se l'impresa conclude gli scavi in giornata finisco il lavoro",
    "created_date": "2021-06-09T02:34:02.366",
    "published_date": "2021-06-09T02:34:02.366",
    "unique_code": "2592dc30-c8cb-11eb-903c-1789bf000944"
  }
},
{
  "model": "project.post",
  "pk": 26,
  "fields": {
    "ordering": 0,
    "sub_task": null,
    "task": 9,
    "author": 12,
    "is_public": true,
    "alert": false,
    "text": "Ho paura che questa ispezione possa creare problemi, provvediamo a sostituirla e ad installarne una nuova. Come gi\u00e0 detto durante la riunione di cantiere, le ispezioni vecchie vanno sostituite",
    "created_date": "2021-06-09T02:38:43.003",
    "published_date": "2021-06-09T02:38:43.003",
    "unique_code": "cc68d230-c8cb-11eb-aa62-7bbf61235a98"
  }
},
{
  "model": "project.post",
  "pk": 27,
  "fields": {
    "ordering": 0,
    "sub_task": null,
    "task": 8,
    "author": 32,
    "is_public": false,
    "alert": false,
    "text": "La putrella \u00e8 stata installata correttamente, si pu\u00f2 procedere con l'abbattimento del muro portante. Si richiede all'architetto la verifica delle saldature per archivio.",
    "created_date": "2021-06-09T13:18:24.622",
    "published_date": "2021-06-10T20:09:06.096",
    "unique_code": "2b58e0b0-c925-11eb-b96c-678171671d4b"
  }
},
{
  "model": "project.post",
  "pk": 28,
  "fields": {
    "ordering": 0,
    "sub_task": null,
    "task": 8,
    "author": 9,
    "is_public": true,
    "alert": false,
    "text": "Ho fatto le verifiche di conformit\u00e0 e le ho archiviate, cominciate con gettare il basamento. Finito il lavoro ti chiedo di postare una foto nei commenti. Buon lavoro",
    "created_date": "2021-06-09T15:21:11.805",
    "published_date": "2021-06-12T12:16:52.931",
    "unique_code": "52471820-c936-11eb-9ffd-a336583f3392"
  }
},
{
  "model": "project.post",
  "pk": 29,
  "fields": {
    "ordering": 0,
    "sub_task": null,
    "task": 10,
    "author": 28,
    "is_public": true,
    "alert": false,
    "text": "Ho un dubbio su questa tracciatura, da disegno dovrebbe esserci una scatoletta ma non \u00e8 stata installata.  Chiedo la verifica a Geometra e al disegnatore Giustini.",
    "created_date": "2021-06-09T16:14:28.477",
    "published_date": "2021-06-09T16:19:27.785",
    "unique_code": "c30b0740-c93d-11eb-9ffd-a336583f3392"
  }
},
{
  "model": "project.post",
  "pk": 30,
  "fields": {
    "ordering": 0,
    "sub_task": null,
    "task": 10,
    "author": 27,
    "is_public": true,
    "alert": false,
    "text": "Le misue sono state rispettate come si pu\u00f2 vedere dalla foto, abbiamo tenuto altezza 50 dal pavimento finito. Rilievi effettuati con il responsabile dell'impresa edile",
    "created_date": "2021-06-09T16:23:24.494",
    "published_date": "2021-06-09T16:23:24.494",
    "unique_code": "02eaff90-c93f-11eb-81a8-27938ad3fa98"
  }
},
{
  "model": "project.post",
  "pk": 31,
  "fields": {
    "ordering": 0,
    "sub_task": null,
    "task": 10,
    "author": 12,
    "is_public": true,
    "alert": false,
    "text": "Abbiamo un problema in questo punto  in lavanderia perch\u00e8 il cliente ha deciso di fare una modifica. \u00c8 indispensabile che il tutto sia ultimato era venerd\u00ec sera",
    "created_date": "2021-06-09T16:33:19.192",
    "published_date": "2021-06-09T16:33:19.192",
    "unique_code": "655a51c0-c940-11eb-9a1a-732aca5b9c3f"
  }
},
{
  "model": "project.post",
  "pk": 32,
  "fields": {
    "ordering": 0,
    "sub_task": null,
    "task": 12,
    "author": 36,
    "is_public": false,
    "alert": false,
    "text": "Abbiamo finito il sottofondo, posto immagine del terrazzo ed entrata",
    "created_date": "2021-06-10T02:02:32.897",
    "published_date": "2021-06-10T10:34:53.115",
    "unique_code": "ea6b02c0-c98f-11eb-a384-031a087e793e"
  }
},
{
  "model": "project.post",
  "pk": 33,
  "fields": {
    "ordering": 0,
    "sub_task": null,
    "task": 13,
    "author": 39,
    "is_public": true,
    "alert": true,
    "text": "Prima di proseguire attendiamo verifica del lavoro effettuato dai miei collaboratori",
    "created_date": "2021-06-10T02:05:49.243",
    "published_date": "2021-06-13T13:54:37.777",
    "unique_code": "5f623f80-c990-11eb-81a8-27938ad3fa98"
  }
},
{
  "model": "project.post",
  "pk": 34,
  "fields": {
    "ordering": 0,
    "sub_task": 7,
    "task": null,
    "author": 60,
    "is_public": true,
    "alert": true,
    "text": "444",
    "created_date": "2021-06-10T05:39:43.066",
    "published_date": "2021-06-10T05:39:46.959",
    "unique_code": "401591e0-c9ae-11eb-946c-6341242fdb10"
  }
},
{
  "model": "project.post",
  "pk": 35,
  "fields": {
    "ordering": 0,
    "sub_task": null,
    "task": 23,
    "author": 60,
    "is_public": true,
    "alert": true,
    "text": "aaaa",
    "created_date": "2021-06-10T05:44:48.842",
    "published_date": "2021-06-15T06:24:28.010",
    "unique_code": "f63960a0-c9ae-11eb-946c-6341242fdb10"
  }
},
{
  "model": "project.post",
  "pk": 37,
  "fields": {
    "ordering": 0,
    "sub_task": null,
    "task": 25,
    "author": 59,
    "is_public": true,
    "alert": false,
    "text": "Voluptates inventore",
    "created_date": "2021-06-10T09:14:24.726",
    "published_date": "2021-06-14T12:22:43.220",
    "unique_code": "3f9e9180-c9cc-11eb-8279-d7228e1f9a15"
  }
},
{
  "model": "project.post",
  "pk": 38,
  "fields": {
    "ordering": 0,
    "sub_task": null,
    "task": 25,
    "author": 64,
    "is_public": true,
    "alert": true,
    "text": "new user",
    "created_date": "2021-06-10T09:34:59.477",
    "published_date": "2021-06-15T04:30:58.762",
    "unique_code": "878e50b0-c789-11eb-b2c0-bb04494c5a6c"
  }
},
{
  "model": "project.post",
  "pk": 39,
  "fields": {
    "ordering": 0,
    "sub_task": null,
    "task": 25,
    "author": 59,
    "is_public": true,
    "alert": true,
    "text": "hello",
    "created_date": "2021-06-11T09:55:03.712",
    "published_date": "2021-06-15T15:00:25.845",
    "unique_code": "16589da0-ca9b-11eb-b5f4-15353c7bdbb6"
  }
},
{
  "model": "project.post",
  "pk": 40,
  "fields": {
    "ordering": 0,
    "sub_task": null,
    "task": 22,
    "author": 61,
    "is_public": false,
    "alert": true,
    "text": "Prova",
    "created_date": "2021-06-12T09:53:29.058",
    "published_date": "2021-06-13T11:10:50.672",
    "unique_code": "0a26b890-cb64-11eb-9058-d56908157574"
  }
},
{
  "model": "project.post",
  "pk": 42,
  "fields": {
    "ordering": 0,
    "sub_task": null,
    "task": 22,
    "author": 61,
    "is_public": true,
    "alert": true,
    "text": "Chb",
    "created_date": "2021-06-13T11:10:59.297",
    "published_date": "2021-06-13T11:41:10.018",
    "unique_code": "08194200-cc38-11eb-858d-d1e1c43f6ea0"
  }
},
{
  "model": "project.post",
  "pk": 43,
  "fields": {
    "ordering": 0,
    "sub_task": null,
    "task": 22,
    "author": 61,
    "is_public": true,
    "alert": false,
    "text": "Fgg",
    "created_date": "2021-06-13T11:43:39.951",
    "published_date": "2021-06-14T12:55:52.177",
    "unique_code": "98b895f0-cc3c-11eb-b642-778a36b6e210"
  }
},
{
  "model": "project.post",
  "pk": 44,
  "fields": {
    "ordering": 0,
    "sub_task": null,
    "task": 27,
    "author": 15,
    "is_public": false,
    "alert": true,
    "text": "weqsadaadaasdaa",
    "created_date": "2021-06-13T13:07:18.031",
    "published_date": "2021-06-15T22:45:00.993",
    "unique_code": "479b3e00-cc48-11eb-8181-f9283d35418f"
  }
},
{
  "model": "project.post",
  "pk": 45,
  "fields": {
    "ordering": 0,
    "sub_task": 1,
    "task": null,
    "author": 6,
    "is_public": true,
    "alert": false,
    "text": "edcc",
    "created_date": "2021-06-14T10:02:32.614",
    "published_date": "2021-06-14T10:02:32.615",
    "unique_code": "a53a6c70-ccf7-11eb-960c-4972dc5f3010"
  }
},
{
  "model": "project.post",
  "pk": 46,
  "fields": {
    "ordering": 0,
    "sub_task": null,
    "task": 22,
    "author": 61,
    "is_public": true,
    "alert": false,
    "text": "Ciao",
    "created_date": "2021-06-14T12:55:58.737",
    "published_date": "2021-06-14T12:55:58.737",
    "unique_code": "dc623800-cd0f-11eb-baae-2113ac742a34"
  }
},
{
  "model": "project.post",
  "pk": 47,
  "fields": {
    "ordering": 0,
    "sub_task": null,
    "task": 26,
    "author": 9,
    "is_public": true,
    "alert": false,
    "text": "",
    "created_date": "2021-06-14T17:51:06.696",
    "published_date": "2021-06-15T14:55:36.738",
    "unique_code": "17600210-cd39-11eb-9cf2-39c29af338bd"
  }
},
{
  "model": "project.post",
  "pk": 48,
  "fields": {
    "ordering": 0,
    "sub_task": null,
    "task": 26,
    "author": 9,
    "is_public": true,
    "alert": true,
    "text": "tertertert",
    "created_date": "2021-06-14T17:52:29.609",
    "published_date": "2021-06-15T14:51:53.232",
    "unique_code": "48b762e0-cd39-11eb-9cf2-39c29af338bd"
  }
},
{
  "model": "project.post",
  "pk": 49,
  "fields": {
    "ordering": 0,
    "sub_task": null,
    "task": 23,
    "author": 60,
    "is_public": true,
    "alert": true,
    "text": "",
    "created_date": "2021-06-15T06:24:54.123",
    "published_date": "2021-06-16T19:43:30.153",
    "unique_code": "62ebf900-cda2-11eb-9360-85c2d8564ca0"
  }
},
{
  "model": "project.post",
  "pk": 50,
  "fields": {
    "ordering": 0,
    "sub_task": null,
    "task": 25,
    "author": 59,
    "is_public": true,
    "alert": false,
    "text": "",
    "created_date": "2021-06-15T07:32:18.561",
    "published_date": "2021-06-16T06:47:48.940",
    "unique_code": "ce890500-cdab-11eb-9e8b-43f118ea59d6"
  }
},
{
  "model": "project.post",
  "pk": 51,
  "fields": {
    "ordering": 0,
    "sub_task": null,
    "task": 25,
    "author": 59,
    "is_public": true,
    "alert": false,
    "text": "",
    "created_date": "2021-06-15T07:41:06.570",
    "published_date": "2021-06-16T04:36:46.173",
    "unique_code": "08965bc0-cdad-11eb-9786-83b02c7e54bc"
  }
},
{
  "model": "project.post",
  "pk": 52,
  "fields": {
    "ordering": 0,
    "sub_task": null,
    "task": 25,
    "author": 59,
    "is_public": true,
    "alert": false,
    "text": "",
    "created_date": "2021-06-15T08:48:05.456",
    "published_date": "2021-06-16T06:07:06.291",
    "unique_code": "65519740-cdb6-11eb-bdff-d9f5fc18939b"
  }
},
{
  "model": "project.post",
  "pk": 53,
  "fields": {
    "ordering": 0,
    "sub_task": null,
    "task": 23,
    "author": 60,
    "is_public": true,
    "alert": true,
    "text": "Test",
    "created_date": "2021-06-15T09:08:02.874",
    "published_date": "2021-06-16T19:46:01.797",
    "unique_code": "2f194080-cdb9-11eb-a03f-b7b8dae5b99b"
  }
},
{
  "model": "project.post",
  "pk": 54,
  "fields": {
    "ordering": 0,
    "sub_task": null,
    "task": 30,
    "author": 72,
    "is_public": true,
    "alert": false,
    "text": "Commodi quidem dolor",
    "created_date": "2021-06-15T13:01:46.263",
    "published_date": "2021-06-15T13:01:46.263",
    "unique_code": "d6451120-cdd9-11eb-afc6-4b79f71c2038"
  }
},
{
  "model": "project.post",
  "pk": 55,
  "fields": {
    "ordering": 0,
    "sub_task": null,
    "task": 31,
    "author": 53,
    "is_public": true,
    "alert": true,
    "text": "sda",
    "created_date": "2021-06-15T14:42:39.312",
    "published_date": "2021-06-15T14:44:24.368",
    "unique_code": "eaa874a0-cde7-11eb-8bca-65cb0ac3b5ee"
  }
},
{
  "model": "project.post",
  "pk": 56,
  "fields": {
    "ordering": 0,
    "sub_task": null,
    "task": 32,
    "author": 73,
    "is_public": true,
    "alert": false,
    "text": "Ciao",
    "created_date": "2021-06-15T15:43:05.763",
    "published_date": "2021-06-15T15:43:15.774",
    "unique_code": "5f999d40-cdf0-11eb-a197-5fec034167e3"
  }
},
{
  "model": "project.post",
  "pk": 58,
  "fields": {
    "ordering": 0,
    "sub_task": null,
    "task": 32,
    "author": 73,
    "is_public": true,
    "alert": true,
    "text": "Cffgh",
    "created_date": "2021-06-15T16:39:44.369",
    "published_date": "2021-06-15T16:40:02.383",
    "unique_code": "49300780-cdf8-11eb-8baa-4f1089accc04"
  }
},
{
  "model": "project.post",
  "pk": 59,
  "fields": {
    "ordering": 0,
    "sub_task": null,
    "task": 33,
    "author": 77,
    "is_public": false,
    "alert": false,
    "text": "sdsadsdsds",
    "created_date": "2021-06-15T21:40:39.049",
    "published_date": "2021-06-15T21:41:49.270",
    "unique_code": "5293f410-ce22-11eb-b51b-731be6537614"
  }
},
{
  "model": "project.post",
  "pk": 60,
  "fields": {
    "ordering": 0,
    "sub_task": null,
    "task": 36,
    "author": 80,
    "is_public": true,
    "alert": false,
    "text": "asaa",
    "created_date": "2021-06-15T21:57:06.161",
    "published_date": "2021-06-15T21:57:32.388",
    "unique_code": "9efe1bd0-ce24-11eb-b51b-731be6537614"
  }
},
{
  "model": "project.post",
  "pk": 62,
  "fields": {
    "ordering": 0,
    "sub_task": null,
    "task": 40,
    "author": 32,
    "is_public": true,
    "alert": true,
    "text": "fhfhghf",
    "created_date": "2021-06-15T22:15:37.296",
    "published_date": "2021-06-15T22:15:39.611",
    "unique_code": "353b57a0-ce27-11eb-adf2-57f2b17ba6c2"
  }
},
{
  "model": "project.post",
  "pk": 64,
  "fields": {
    "ordering": 0,
    "sub_task": null,
    "task": 25,
    "author": 59,
    "is_public": true,
    "alert": false,
    "text": "Perferendis atque no",
    "created_date": "2021-06-16T06:49:06.364",
    "published_date": "2021-06-16T06:49:06.364",
    "unique_code": "ef9a3fc0-ce6e-11eb-a1e7-333cf66f4030"
  }
},
{
  "model": "project.post",
  "pk": 65,
  "fields": {
    "ordering": 0,
    "sub_task": null,
    "task": 25,
    "author": 59,
    "is_public": true,
    "alert": true,
    "text": "Aliquid sapiente adi",
    "created_date": "2021-06-16T06:49:12.001",
    "published_date": "2021-06-16T08:32:54.244",
    "unique_code": "f3816500-ce6e-11eb-a1e7-333cf66f4030"
  }
},
{
  "model": "project.post",
  "pk": 66,
  "fields": {
    "ordering": 0,
    "sub_task": null,
    "task": 25,
    "author": 59,
    "is_public": true,
    "alert": false,
    "text": "Quia aperiam necessi",
    "created_date": "2021-06-16T06:49:19.386",
    "published_date": "2021-06-16T09:40:26.495",
    "unique_code": "f7e05250-ce6e-11eb-a1e7-333cf66f4030"
  }
},
{
  "model": "project.post",
  "pk": 68,
  "fields": {
    "ordering": 0,
    "sub_task": null,
    "task": 25,
    "author": 59,
    "is_public": true,
    "alert": false,
    "text": "",
    "created_date": "2021-06-16T08:31:16.922",
    "published_date": "2021-06-16T09:53:02.903",
    "unique_code": "32d3d770-ce7d-11eb-b206-5706251cb220"
  }
},
{
  "model": "project.post",
  "pk": 69,
  "fields": {
    "ordering": 0,
    "sub_task": null,
    "task": 25,
    "author": 59,
    "is_public": true,
    "alert": true,
    "text": "",
    "created_date": "2021-06-16T08:44:23.820",
    "published_date": "2021-06-16T09:29:07.951",
    "unique_code": "08c18200-ce7f-11eb-948e-531bbcdf82c4"
  }
},
{
  "model": "project.post",
  "pk": 70,
  "fields": {
    "ordering": 0,
    "sub_task": null,
    "task": 25,
    "author": 59,
    "is_public": true,
    "alert": true,
    "text": "",
    "created_date": "2021-06-16T09:39:57.570",
    "published_date": "2021-06-17T07:39:43.666",
    "unique_code": "cc0a03c0-ce86-11eb-9729-5b5b2dce16ef"
  }
},
{
  "model": "project.post",
  "pk": 71,
  "fields": {
    "ordering": 0,
    "sub_task": null,
    "task": 26,
    "author": 48,
    "is_public": true,
    "alert": false,
    "text": "",
    "created_date": "2021-06-16T11:31:23.989",
    "published_date": "2021-06-16T11:31:23.989",
    "unique_code": "5fa04f90-ce96-11eb-b99c-1dbea13480b8"
  }
},
{
  "model": "project.post",
  "pk": 72,
  "fields": {
    "ordering": 0,
    "sub_task": null,
    "task": 44,
    "author": 23,
    "is_public": true,
    "alert": false,
    "text": "Ciao",
    "created_date": "2021-06-16T14:50:27.838",
    "published_date": "2021-06-16T14:50:27.839",
    "unique_code": "1a10c7e0-ceb2-11eb-9876-63a0eae86f18"
  }
},
{
  "model": "project.post",
  "pk": 73,
  "fields": {
    "ordering": 0,
    "sub_task": null,
    "task": 44,
    "author": 23,
    "is_public": true,
    "alert": false,
    "text": "Ciao2",
    "created_date": "2021-06-16T14:51:06.952",
    "published_date": "2021-06-16T14:51:06.953",
    "unique_code": "45d99500-ceb2-11eb-9876-63a0eae86f18"
  }
},
{
  "model": "project.post",
  "pk": 74,
  "fields": {
    "ordering": 0,
    "sub_task": null,
    "task": 44,
    "author": 23,
    "is_public": true,
    "alert": false,
    "text": "Ciao2",
    "created_date": "2021-06-16T14:51:10.887",
    "published_date": "2021-06-16T14:51:10.887",
    "unique_code": "4995d9b0-ceb2-11eb-9876-63a0eae86f18"
  }
},
{
  "model": "project.post",
  "pk": 75,
  "fields": {
    "ordering": 0,
    "sub_task": null,
    "task": 44,
    "author": 23,
    "is_public": true,
    "alert": false,
    "text": "Ciao2",
    "created_date": "2021-06-16T14:52:10.416",
    "published_date": "2021-06-16T14:52:10.416",
    "unique_code": "6c1ad350-ceb2-11eb-9876-63a0eae86f18"
  }
},
{
  "model": "project.post",
  "pk": 76,
  "fields": {
    "ordering": 0,
    "sub_task": null,
    "task": 44,
    "author": 23,
    "is_public": true,
    "alert": false,
    "text": "Ciao2",
    "created_date": "2021-06-16T14:52:44.849",
    "published_date": "2021-06-16T21:39:07.442",
    "unique_code": "8012fa40-ceb2-11eb-9876-63a0eae86f18"
  }
},
{
  "model": "project.post",
  "pk": 78,
  "fields": {
    "ordering": 0,
    "sub_task": null,
    "task": 45,
    "author": 9,
    "is_public": true,
    "alert": false,
    "text": "Ciao",
    "created_date": "2021-06-16T21:15:11.677",
    "published_date": "2021-06-16T21:15:11.677",
    "unique_code": "ee7515b0-cee7-11eb-b263-25b1b151efca"
  }
},
{
  "model": "project.post",
  "pk": 79,
  "fields": {
    "ordering": 0,
    "sub_task": null,
    "task": 45,
    "author": 9,
    "is_public": true,
    "alert": false,
    "text": "Ciao",
    "created_date": "2021-06-16T21:15:34.760",
    "published_date": "2021-06-16T21:15:34.760",
    "unique_code": "fc6de5c0-cee7-11eb-b263-25b1b151efca"
  }
},
{
  "model": "project.post",
  "pk": 80,
  "fields": {
    "ordering": 0,
    "sub_task": null,
    "task": 45,
    "author": 9,
    "is_public": true,
    "alert": false,
    "text": "Ciaoe",
    "created_date": "2021-06-16T21:15:58.242",
    "published_date": "2021-06-16T21:15:58.242",
    "unique_code": "0a50e3e0-cee8-11eb-b263-25b1b151efca"
  }
},
{
  "model": "project.post",
  "pk": 81,
  "fields": {
    "ordering": 0,
    "sub_task": null,
    "task": 45,
    "author": 9,
    "is_public": true,
    "alert": false,
    "text": "Ciaoeh",
    "created_date": "2021-06-16T21:16:23.469",
    "published_date": "2021-06-16T21:16:23.469",
    "unique_code": "1969c9f0-cee8-11eb-b263-25b1b151efca"
  }
},
{
  "model": "project.post",
  "pk": 82,
  "fields": {
    "ordering": 0,
    "sub_task": null,
    "task": 45,
    "author": 9,
    "is_public": true,
    "alert": false,
    "text": "Ciaoehjh",
    "created_date": "2021-06-16T21:16:55.109",
    "published_date": "2021-06-16T21:16:55.109",
    "unique_code": "2bb1a8d0-cee8-11eb-b263-25b1b151efca"
  }
},
{
  "model": "project.post",
  "pk": 83,
  "fields": {
    "ordering": 0,
    "sub_task": null,
    "task": 45,
    "author": 9,
    "is_public": true,
    "alert": false,
    "text": "Ciaoehjh",
    "created_date": "2021-06-16T21:17:42.259",
    "published_date": "2021-06-16T21:17:42.259",
    "unique_code": "44993d40-cee8-11eb-b263-25b1b151efca"
  }
},
{
  "model": "project.post",
  "pk": 85,
  "fields": {
    "ordering": 0,
    "sub_task": null,
    "task": 43,
    "author": 23,
    "is_public": true,
    "alert": false,
    "text": "",
    "created_date": "2021-06-16T21:31:25.995",
    "published_date": "2021-06-16T21:31:25.995",
    "unique_code": "33075600-ceea-11eb-b9b8-17bc9b8b3121"
  }
},
{
  "model": "project.post",
  "pk": 86,
  "fields": {
    "ordering": 0,
    "sub_task": null,
    "task": 44,
    "author": 23,
    "is_public": true,
    "alert": false,
    "text": "",
    "created_date": "2021-06-16T21:38:35.448",
    "published_date": "2021-06-16T21:38:42.663",
    "unique_code": "332c4db0-ceeb-11eb-b9b8-17bc9b8b3121"
  }
},
{
  "model": "project.post",
  "pk": 87,
  "fields": {
    "ordering": 0,
    "sub_task": null,
    "task": 47,
    "author": 60,
    "is_public": true,
    "alert": false,
    "text": "Sunt suscipit ducimu",
    "created_date": "2021-06-17T10:28:53.591",
    "published_date": "2021-06-17T10:58:17.247",
    "unique_code": "d0070470-cf56-11eb-9e34-2977a7867dd7"
  }
},
{
  "model": "project.post",
  "pk": 88,
  "fields": {
    "ordering": 0,
    "sub_task": 15,
    "task": null,
    "author": 60,
    "is_public": true,
    "alert": true,
    "text": "Enim quia quo assume",
    "created_date": "2021-06-17T10:59:08.837",
    "published_date": "2021-06-17T10:59:11.206",
    "unique_code": "0a025270-cf5b-11eb-ad59-a5aa551e104c"
  }
},
{
  "model": "project.comment",
  "pk": 1,
  "fields": {
    "ordering": 0,
    "parent": null,
    "post": 1,
    "author": 2,
    "text": "Stiamo parlando di un gruppo di persone che sanno il fatto loro",
    "created_date": "2021-05-29T10:03:50.183",
    "unique_code": "297f98b0-c065-11eb-9a15-274d95667ec7"
  }
},
{
  "model": "project.comment",
  "pk": 8,
  "fields": {
    "ordering": 0,
    "parent": 1,
    "post": 1,
    "author": 2,
    "text": "@A Primo ah ok",
    "created_date": "2021-06-01T22:24:58.930",
    "unique_code": "32ff9190-c328-11eb-a8a9-d51d3982aa5d"
  }
},
{
  "model": "project.comment",
  "pk": 12,
  "fields": {
    "ordering": 0,
    "parent": null,
    "post": 9,
    "author": 2,
    "text": "Ecco la foto dei lavori di ieri",
    "created_date": "2021-06-05T16:20:27.212",
    "unique_code": "ee512730-c619-11eb-8a5a-1bca4ea55c0f"
  }
},
{
  "model": "project.comment",
  "pk": 13,
  "fields": {
    "ordering": 0,
    "parent": null,
    "post": 12,
    "author": 61,
    "text": "yuuyuyg",
    "created_date": "2021-06-09T00:04:51.132",
    "unique_code": "4f6f2820-c8b6-11eb-903c-1789bf000944"
  }
},
{
  "model": "project.comment",
  "pk": 14,
  "fields": {
    "ordering": 0,
    "parent": null,
    "post": 20,
    "author": 18,
    "text": "Stiamo aspettando i container delle macerie",
    "created_date": "2021-06-09T01:55:28.878",
    "unique_code": "c3fafb10-c8c5-11eb-aa62-7bbf61235a98"
  }
},
{
  "model": "project.comment",
  "pk": 15,
  "fields": {
    "ordering": 0,
    "parent": null,
    "post": 21,
    "author": 15,
    "text": "Le misure le trovi nel disegno in allegato, in giornata passa l'architetto e chiedi conferma delle misure",
    "created_date": "2021-06-09T01:57:22.680",
    "unique_code": "07ad4d90-c8c6-11eb-903c-1789bf000944"
  }
},
{
  "model": "project.comment",
  "pk": 16,
  "fields": {
    "ordering": 0,
    "parent": null,
    "post": 20,
    "author": 15,
    "text": "Il container arriva domani perch\u00e8 hanno avuto dei problemi con il trasporto. Lavorate in modo sicuro e cominciate a pulire il cantiere",
    "created_date": "2021-06-09T01:58:28.208",
    "unique_code": "2ecf27e0-c8c6-11eb-903c-1789bf000944"
  }
},
{
  "model": "project.comment",
  "pk": 17,
  "fields": {
    "ordering": 0,
    "parent": 16,
    "post": 20,
    "author": 18,
    "text": "@Pietro Pancini Ti avviso che il container \u00e8 arrivato e abbiamo pulito il cantiere",
    "created_date": "2021-06-09T02:05:04.329",
    "unique_code": "1aff7b10-c8c7-11eb-aa62-7bbf61235a98"
  }
},
{
  "model": "project.comment",
  "pk": 18,
  "fields": {
    "ordering": 0,
    "parent": null,
    "post": 24,
    "author": 23,
    "text": "Si chiama pure l'impresa edile e fai coprire",
    "created_date": "2021-06-09T02:22:39.110",
    "unique_code": "8f98f580-c8c9-11eb-903c-1789bf000944"
  }
},
{
  "model": "project.comment",
  "pk": 19,
  "fields": {
    "ordering": 0,
    "parent": null,
    "post": 24,
    "author": 12,
    "text": "Ok perfetto, ti ringrazio..Domani sono sul posto",
    "created_date": "2021-06-09T02:24:04.949",
    "unique_code": "c2a420d0-c8c9-11eb-aa62-7bbf61235a98"
  }
},
{
  "model": "project.comment",
  "pk": 20,
  "fields": {
    "ordering": 0,
    "parent": null,
    "post": 25,
    "author": 12,
    "text": "L'impresa \u00e8 stata avvertita, mandano l'operaio e ti assistono nella posa",
    "created_date": "2021-06-09T02:34:55.051",
    "unique_code": "465bcdf0-c8cb-11eb-aa62-7bbf61235a98"
  }
},
{
  "model": "project.comment",
  "pk": 21,
  "fields": {
    "ordering": 0,
    "parent": null,
    "post": 25,
    "author": 24,
    "text": "La ringrazio",
    "created_date": "2021-06-09T02:40:22.895",
    "unique_code": "09bfcb20-c8cc-11eb-903c-1789bf000944"
  }
},
{
  "model": "project.comment",
  "pk": 22,
  "fields": {
    "ordering": 0,
    "parent": null,
    "post": 27,
    "author": 12,
    "text": "Ottimo lavoro Pietro, ti possa dire con certezza che l'architetto sar\u00e0 presente in cantiere domani mattina per le verifiche",
    "created_date": "2021-06-09T13:22:25.893",
    "unique_code": "bb4f4740-c925-11eb-82ed-ebc1ba909e4c"
  }
},
{
  "model": "project.comment",
  "pk": 23,
  "fields": {
    "ordering": 0,
    "parent": null,
    "post": 27,
    "author": 12,
    "text": "Dopo le verifiche procederemo con la demolizione del muro portante",
    "created_date": "2021-06-09T13:24:00.504",
    "unique_code": "f3c59fc0-c925-11eb-82ed-ebc1ba909e4c"
  }
},
{
  "model": "project.comment",
  "pk": 24,
  "fields": {
    "ordering": 0,
    "parent": null,
    "post": 27,
    "author": 32,
    "text": "ok Mario, per noi non ci sono problemi",
    "created_date": "2021-06-09T13:27:24.150",
    "unique_code": "6d1cb430-c926-11eb-b96c-678171671d4b"
  }
},
{
  "model": "project.comment",
  "pk": 25,
  "fields": {
    "ordering": 0,
    "parent": null,
    "post": 28,
    "author": 18,
    "text": "Buongiorno Architetto, come da lei richiesto la foto del sottofondo. Per qualsiasi domanda resto a disposizione",
    "created_date": "2021-06-09T15:26:12.344",
    "unique_code": "055c4750-c937-11eb-81a8-27938ad3fa98"
  }
},
{
  "model": "project.comment",
  "pk": 26,
  "fields": {
    "ordering": 0,
    "parent": null,
    "post": 26,
    "author": 18,
    "text": "Ricevuto Geometra, comincio la rimozione e attendo Luca per l'installazzione nuova",
    "created_date": "2021-06-09T15:27:45.849",
    "unique_code": "3d555980-c937-11eb-81a8-27938ad3fa98"
  }
},
{
  "model": "project.comment",
  "pk": 27,
  "fields": {
    "ordering": 0,
    "parent": null,
    "post": 29,
    "author": 27,
    "text": "Osman giusta osservazione, ho verificato il disegno in allegato e in quel punto \u00e8 stata tralasciata una scatoletta. Ho gia allertato il geometra.",
    "created_date": "2021-06-09T16:16:24.902",
    "unique_code": "0932c690-c93e-11eb-81a8-27938ad3fa98"
  }
},
{
  "model": "project.comment",
  "pk": 28,
  "fields": {
    "ordering": 0,
    "parent": 27,
    "post": 29,
    "author": 28,
    "text": "@Andrea Giustini ricevuto, proseguo con la posa dei tubi flessibili nella zona giorno",
    "created_date": "2021-06-09T16:18:28.350",
    "unique_code": "52c8f8b0-c93e-11eb-9ffd-a336583f3392"
  }
},
{
  "model": "project.comment",
  "pk": 29,
  "fields": {
    "ordering": 0,
    "parent": null,
    "post": 30,
    "author": 28,
    "text": "Andrea ho tenuto il riferimento segnato quindi era impossibile sbagliare. Ho utilizzato differenti colori per i tubi flessibili. Quello verde \u00e8 per il cavo lan",
    "created_date": "2021-06-09T16:25:41.352",
    "unique_code": "54cb62f0-c93f-11eb-9ffd-a336583f3392"
  }
},
{
  "model": "project.comment",
  "pk": 30,
  "fields": {
    "ordering": 0,
    "parent": null,
    "post": 30,
    "author": 12,
    "text": "Nessun problema Andrea, ho controllato anche io e tutte le misure sono corrette.",
    "created_date": "2021-06-09T16:27:56.699",
    "unique_code": "a58d36f0-c93f-11eb-9a1a-732aca5b9c3f"
  }
},
{
  "model": "project.comment",
  "pk": 31,
  "fields": {
    "ordering": 0,
    "parent": 29,
    "post": 30,
    "author": 12,
    "text": "@Osma Daka hai fatto bene a segnalarlo! Ottimo lavoro",
    "created_date": "2021-06-09T16:28:59.656",
    "unique_code": "cb170c20-c93f-11eb-9a1a-732aca5b9c3f"
  }
},
{
  "model": "project.comment",
  "pk": 32,
  "fields": {
    "ordering": 0,
    "parent": null,
    "post": 29,
    "author": 12,
    "text": "Ho chiamato il cliente e mi ha detto di lasciarla pure fuori, ho segnato e gi\u00e0 modificato il disegno che trovi in allegato nella fase di lavoro",
    "created_date": "2021-06-09T16:30:56.300",
    "unique_code": "10895e20-c940-11eb-9a1a-732aca5b9c3f"
  }
},
{
  "model": "project.comment",
  "pk": 33,
  "fields": {
    "ordering": 0,
    "parent": null,
    "post": 31,
    "author": 28,
    "text": "Perfetto, attendo istruzioni dal titolare e dall'impresa edile",
    "created_date": "2021-06-09T16:34:11.794",
    "unique_code": "8509bd30-c940-11eb-9ffd-a336583f3392"
  }
},
{
  "model": "project.comment",
  "pk": 34,
  "fields": {
    "ordering": 0,
    "parent": null,
    "post": 31,
    "author": 27,
    "text": "Osman la scanalatura viene fatta domani sera, venerdi mattina procedi con la posa dei tubi",
    "created_date": "2021-06-09T16:35:28.003",
    "unique_code": "b287b460-c940-11eb-81a8-27938ad3fa98"
  }
},
{
  "model": "project.comment",
  "pk": 35,
  "fields": {
    "ordering": 0,
    "parent": 34,
    "post": 31,
    "author": 28,
    "text": "@Andrea Giustini ricevuto",
    "created_date": "2021-06-09T16:35:49.401",
    "unique_code": "bf585820-c940-11eb-9ffd-a336583f3392"
  }
},
{
  "model": "project.comment",
  "pk": 36,
  "fields": {
    "ordering": 0,
    "parent": null,
    "post": 25,
    "author": 15,
    "text": "Domani concludiamo",
    "created_date": "2021-06-10T02:11:54.093",
    "unique_code": "39636bf0-c991-11eb-a384-031a087e793e"
  }
},
{
  "model": "project.comment",
  "pk": 37,
  "fields": {
    "ordering": 0,
    "parent": null,
    "post": 18,
    "author": 12,
    "text": "Ho gi\u00e0 aggiornato e condiviso i disegni aggiornati",
    "created_date": "2021-06-10T02:43:07.902",
    "unique_code": "963f1a00-c995-11eb-9196-136aec721bc8"
  }
},
{
  "model": "project.comment",
  "pk": 38,
  "fields": {
    "ordering": 0,
    "parent": null,
    "post": 17,
    "author": 15,
    "text": "Lunedi partiamo con gli scavi in questo punto",
    "created_date": "2021-06-10T02:43:55.263",
    "unique_code": "b26c3c80-c995-11eb-a384-031a087e793e"
  }
},
{
  "model": "project.comment",
  "pk": 39,
  "fields": {
    "ordering": 0,
    "parent": null,
    "post": 17,
    "author": 9,
    "text": "Grazie, avvisa tu l'idraulico quando sei pronto",
    "created_date": "2021-06-10T02:44:25.099",
    "unique_code": "c4479df0-c995-11eb-9a1a-732aca5b9c3f"
  }
},
{
  "model": "project.comment",
  "pk": 40,
  "fields": {
    "ordering": 0,
    "parent": null,
    "post": 28,
    "author": 9,
    "text": "Grazie Luca, ho verificato e il lavoro \u00e8 perfetto",
    "created_date": "2021-06-10T02:45:58.699",
    "unique_code": "fc1162c0-c995-11eb-9a1a-732aca5b9c3f"
  }
},
{
  "model": "project.comment",
  "pk": 41,
  "fields": {
    "ordering": 0,
    "parent": null,
    "post": 37,
    "author": 64,
    "text": "hello comment",
    "created_date": "2021-06-10T09:18:25.799",
    "unique_code": "3762b420-c787-11eb-b2c0-bb04494c5a6c"
  }
},
{
  "model": "project.comment",
  "pk": 42,
  "fields": {
    "ordering": 0,
    "parent": null,
    "post": 37,
    "author": 64,
    "text": "hello",
    "created_date": "2021-06-10T09:18:57.566",
    "unique_code": "4aa60a00-c787-11eb-b2c0-bb04494c5a6c"
  }
},
{
  "model": "project.comment",
  "pk": 43,
  "fields": {
    "ordering": 0,
    "parent": null,
    "post": 37,
    "author": 64,
    "text": "helloo",
    "created_date": "2021-06-10T09:20:20.325",
    "unique_code": "7beb1b50-c787-11eb-b2c0-bb04494c5a6c"
  }
},
{
  "model": "project.comment",
  "pk": 44,
  "fields": {
    "ordering": 0,
    "parent": null,
    "post": 37,
    "author": 59,
    "text": "hi",
    "created_date": "2021-06-10T09:20:56.037",
    "unique_code": "2759b040-c9cd-11eb-8457-e5d5d7293f11"
  }
},
{
  "model": "project.comment",
  "pk": 45,
  "fields": {
    "ordering": 0,
    "parent": null,
    "post": 37,
    "author": 64,
    "text": "hi",
    "created_date": "2021-06-10T09:26:49.475",
    "unique_code": "63b8b0a0-c788-11eb-b2c0-bb04494c5a6c"
  }
},
{
  "model": "project.comment",
  "pk": 46,
  "fields": {
    "ordering": 0,
    "parent": null,
    "post": 37,
    "author": 64,
    "text": "hi",
    "created_date": "2021-06-10T09:27:14.866",
    "unique_code": "730af630-c788-11eb-b2c0-bb04494c5a6c"
  }
},
{
  "model": "project.comment",
  "pk": 47,
  "fields": {
    "ordering": 0,
    "parent": null,
    "post": 37,
    "author": 64,
    "text": "hi",
    "created_date": "2021-06-10T09:27:59.174",
    "unique_code": "8d53c850-c788-11eb-b2c0-bb04494c5a6c"
  }
},
{
  "model": "project.comment",
  "pk": 48,
  "fields": {
    "ordering": 0,
    "parent": null,
    "post": 37,
    "author": 59,
    "text": "Hello",
    "created_date": "2021-06-10T09:28:42.526",
    "unique_code": "3d867500-c9ce-11eb-8457-e5d5d7293f11"
  }
},
{
  "model": "project.comment",
  "pk": 49,
  "fields": {
    "ordering": 0,
    "parent": 43,
    "post": 37,
    "author": 64,
    "text": "@Owner Testing hi",
    "created_date": "2021-06-10T09:29:05.535",
    "unique_code": "b4d72390-c788-11eb-b2c0-bb04494c5a6c"
  }
},
{
  "model": "project.comment",
  "pk": 50,
  "fields": {
    "ordering": 0,
    "parent": null,
    "post": 37,
    "author": 59,
    "text": "aaa",
    "created_date": "2021-06-10T09:32:52.256",
    "unique_code": "d2527f80-c9ce-11eb-8457-e5d5d7293f11"
  }
},
{
  "model": "project.comment",
  "pk": 51,
  "fields": {
    "ordering": 0,
    "parent": null,
    "post": 37,
    "author": 64,
    "text": "hi",
    "created_date": "2021-06-10T09:33:51.142",
    "unique_code": "5f1c28a0-c789-11eb-b2c0-bb04494c5a6c"
  }
},
{
  "model": "project.comment",
  "pk": 52,
  "fields": {
    "ordering": 0,
    "parent": null,
    "post": 37,
    "author": 64,
    "text": "hi",
    "created_date": "2021-06-10T09:41:03.733",
    "unique_code": "60f02fe0-c78a-11eb-b2c0-bb04494c5a6c"
  }
},
{
  "model": "project.comment",
  "pk": 53,
  "fields": {
    "ordering": 0,
    "parent": null,
    "post": 38,
    "author": 64,
    "text": "hhii",
    "created_date": "2021-06-10T10:57:09.079",
    "unique_code": "02342b40-c795-11eb-be83-71b2ce94cfba"
  }
},
{
  "model": "project.comment",
  "pk": 54,
  "fields": {
    "ordering": 0,
    "parent": null,
    "post": 38,
    "author": 59,
    "text": "hi",
    "created_date": "2021-06-10T10:57:32.412",
    "unique_code": "a5c24d40-c9da-11eb-8ef4-65707460f9e6"
  }
},
{
  "model": "project.comment",
  "pk": 60,
  "fields": {
    "ordering": 0,
    "parent": null,
    "post": 40,
    "author": 61,
    "text": "",
    "created_date": "2021-06-13T11:10:41.952",
    "unique_code": "fdd98250-cc37-11eb-858d-d1e1c43f6ea0"
  }
},
{
  "model": "project.comment",
  "pk": 61,
  "fields": {
    "ordering": 0,
    "parent": null,
    "post": 43,
    "author": 61,
    "text": "",
    "created_date": "2021-06-13T12:01:40.219",
    "unique_code": "1ca874a0-cc3f-11eb-b642-778a36b6e210"
  }
},
{
  "model": "project.comment",
  "pk": 62,
  "fields": {
    "ordering": 0,
    "parent": null,
    "post": 44,
    "author": 15,
    "text": "",
    "created_date": "2021-06-13T13:07:33.031",
    "unique_code": "508c84b0-cc48-11eb-8181-f9283d35418f"
  }
},
{
  "model": "project.comment",
  "pk": 63,
  "fields": {
    "ordering": 0,
    "parent": 62,
    "post": 44,
    "author": 15,
    "text": "",
    "created_date": "2021-06-13T13:07:46.396",
    "unique_code": "58b942e0-cc48-11eb-8181-f9283d35418f"
  }
},
{
  "model": "project.comment",
  "pk": 65,
  "fields": {
    "ordering": 0,
    "parent": null,
    "post": 44,
    "author": 15,
    "text": "",
    "created_date": "2021-06-13T13:09:51.318",
    "unique_code": "a31d2540-cc48-11eb-8181-f9283d35418f"
  }
},
{
  "model": "project.comment",
  "pk": 69,
  "fields": {
    "ordering": 0,
    "parent": null,
    "post": 45,
    "author": 6,
    "text": "",
    "created_date": "2021-06-14T10:02:36.887",
    "unique_code": "a7cc13d0-ccf7-11eb-960c-4972dc5f3010"
  }
},
{
  "model": "project.comment",
  "pk": 72,
  "fields": {
    "ordering": 0,
    "parent": null,
    "post": 43,
    "author": 61,
    "text": "Ggh",
    "created_date": "2021-06-14T12:56:25.485",
    "unique_code": "ec6d9460-cd0f-11eb-baae-2113ac742a34"
  }
},
{
  "model": "project.comment",
  "pk": 73,
  "fields": {
    "ordering": 0,
    "parent": null,
    "post": 43,
    "author": 61,
    "text": "Vhj",
    "created_date": "2021-06-14T12:56:56.896",
    "unique_code": "ff2f8540-cd0f-11eb-baae-2113ac742a34"
  }
},
{
  "model": "project.comment",
  "pk": 74,
  "fields": {
    "ordering": 0,
    "parent": null,
    "post": 43,
    "author": 61,
    "text": "Ciaoo",
    "created_date": "2021-06-14T13:06:19.884",
    "unique_code": "4e433ea0-cd11-11eb-baae-2113ac742a34"
  }
},
{
  "model": "project.comment",
  "pk": 75,
  "fields": {
    "ordering": 0,
    "parent": 73,
    "post": 43,
    "author": 61,
    "text": "@Laura Carminati wee",
    "created_date": "2021-06-14T13:06:35.776",
    "unique_code": "58357a90-cd11-11eb-baae-2113ac742a34"
  }
},
{
  "model": "project.comment",
  "pk": 76,
  "fields": {
    "ordering": 0,
    "parent": null,
    "post": 44,
    "author": 15,
    "text": "Hola",
    "created_date": "2021-06-14T16:02:49.926",
    "unique_code": "f6f72f80-cd29-11eb-927f-61224ef60354"
  }
},
{
  "model": "project.comment",
  "pk": 77,
  "fields": {
    "ordering": 0,
    "parent": null,
    "post": 48,
    "author": 9,
    "text": "ciao",
    "created_date": "2021-06-14T17:59:13.577",
    "unique_code": "39af9e60-cd3a-11eb-9cf2-39c29af338bd"
  }
},
{
  "model": "project.comment",
  "pk": 78,
  "fields": {
    "ordering": 0,
    "parent": null,
    "post": 48,
    "author": 48,
    "text": "Prova",
    "created_date": "2021-06-14T18:10:41.557",
    "unique_code": "d3f75b60-cd3b-11eb-a6ed-f3ab1ec33f9d"
  }
},
{
  "model": "project.comment",
  "pk": 79,
  "fields": {
    "ordering": 0,
    "parent": null,
    "post": 48,
    "author": 48,
    "text": "Buongiorno a tutti, ho iniziato la fase degli scavi, potreste controllare che sia tutto ok e verificare le scatolette?",
    "created_date": "2021-06-14T18:11:07.617",
    "unique_code": "e2c11000-cd3b-11eb-a6ed-f3ab1ec33f9d"
  }
},
{
  "model": "project.comment",
  "pk": 80,
  "fields": {
    "ordering": 0,
    "parent": null,
    "post": 48,
    "author": 48,
    "text": "Cazzo",
    "created_date": "2021-06-14T18:11:29.867",
    "unique_code": "ef42a960-cd3b-11eb-a6ed-f3ab1ec33f9d"
  }
},
{
  "model": "project.comment",
  "pk": 81,
  "fields": {
    "ordering": 0,
    "parent": null,
    "post": 44,
    "author": 15,
    "text": "fefef",
    "created_date": "2021-06-15T11:27:58.456",
    "unique_code": "bc322f00-cdcc-11eb-9189-8114a3b3079e"
  }
},
{
  "model": "project.comment",
  "pk": 82,
  "fields": {
    "ordering": 0,
    "parent": null,
    "post": 44,
    "author": 15,
    "text": "rfrgfr",
    "created_date": "2021-06-15T11:28:54.079",
    "unique_code": "dd6183b0-cdcc-11eb-9189-8114a3b3079e"
  }
},
{
  "model": "project.comment",
  "pk": 85,
  "fields": {
    "ordering": 0,
    "parent": null,
    "post": 44,
    "author": 15,
    "text": "Prova",
    "created_date": "2021-06-15T12:20:51.816",
    "unique_code": "1f3aa530-cdd4-11eb-954a-6529fdd20887"
  }
},
{
  "model": "project.comment",
  "pk": 86,
  "fields": {
    "ordering": 0,
    "parent": null,
    "post": 44,
    "author": 15,
    "text": "Dbbds",
    "created_date": "2021-06-15T12:21:51.073",
    "unique_code": "429899b0-cdd4-11eb-954a-6529fdd20887"
  }
},
{
  "model": "project.comment",
  "pk": 87,
  "fields": {
    "ordering": 0,
    "parent": null,
    "post": 54,
    "author": 72,
    "text": "Saepe non est sed v",
    "created_date": "2021-06-15T13:01:54.377",
    "unique_code": "daf15b20-cdd9-11eb-afc6-4b79f71c2038"
  }
},
{
  "model": "project.comment",
  "pk": 88,
  "fields": {
    "ordering": 0,
    "parent": null,
    "post": 54,
    "author": 72,
    "text": "Necessitatibus aliqu",
    "created_date": "2021-06-15T13:02:30.568",
    "unique_code": "f09dc1c0-cdd9-11eb-9410-f7573d068c90"
  }
},
{
  "model": "project.comment",
  "pk": 89,
  "fields": {
    "ordering": 0,
    "parent": null,
    "post": 54,
    "author": 72,
    "text": "Facilis excepturi ip",
    "created_date": "2021-06-15T13:02:36.021",
    "unique_code": "f407a0b0-cdd9-11eb-9410-f7573d068c90"
  }
},
{
  "model": "project.comment",
  "pk": 90,
  "fields": {
    "ordering": 0,
    "parent": null,
    "post": 56,
    "author": 73,
    "text": "Ghjj",
    "created_date": "2021-06-15T15:43:42.997",
    "unique_code": "75c9b2d0-cdf0-11eb-a197-5fec034167e3"
  }
},
{
  "model": "project.comment",
  "pk": 91,
  "fields": {
    "ordering": 0,
    "parent": null,
    "post": 56,
    "author": 73,
    "text": "Ciao",
    "created_date": "2021-06-15T15:46:55.390",
    "unique_code": "e8881690-cdf0-11eb-bb6e-350e414dbb81"
  }
},
{
  "model": "project.comment",
  "pk": 92,
  "fields": {
    "ordering": 0,
    "parent": null,
    "post": 56,
    "author": 73,
    "text": "Vhnn",
    "created_date": "2021-06-15T16:09:52.629",
    "unique_code": "1d68e4e0-cdf4-11eb-820e-b9817b9531e8"
  }
},
{
  "model": "project.comment",
  "pk": 93,
  "fields": {
    "ordering": 0,
    "parent": null,
    "post": 56,
    "author": 73,
    "text": "Vvbb",
    "created_date": "2021-06-15T16:10:21.187",
    "unique_code": "2e22a9b0-cdf4-11eb-a589-59db7499a1d7"
  }
},
{
  "model": "project.comment",
  "pk": 94,
  "fields": {
    "ordering": 0,
    "parent": null,
    "post": 56,
    "author": 73,
    "text": "Vbcxc",
    "created_date": "2021-06-15T16:12:13.715",
    "unique_code": "71717f70-cdf4-11eb-aed6-f365095f8d48"
  }
},
{
  "model": "project.comment",
  "pk": 95,
  "fields": {
    "ordering": 0,
    "parent": null,
    "post": 56,
    "author": 73,
    "text": "Gghhd",
    "created_date": "2021-06-15T16:39:17.979",
    "unique_code": "39976a20-cdf8-11eb-8baa-4f1089accc04"
  }
},
{
  "model": "project.comment",
  "pk": 96,
  "fields": {
    "ordering": 0,
    "parent": null,
    "post": 58,
    "author": 73,
    "text": "Dfgh",
    "created_date": "2021-06-15T16:39:50.376",
    "unique_code": "4cca1e30-cdf8-11eb-8baa-4f1089accc04"
  }
},
{
  "model": "project.comment",
  "pk": 100,
  "fields": {
    "ordering": 0,
    "parent": null,
    "post": 18,
    "author": 9,
    "text": "Ok grazie Mario",
    "created_date": "2021-06-15T20:28:19.055",
    "unique_code": "37a7c190-ce18-11eb-b51e-31f0f9d76bc2"
  }
},
{
  "model": "project.comment",
  "pk": 101,
  "fields": {
    "ordering": 0,
    "parent": null,
    "post": 58,
    "author": 73,
    "text": "fydtguhcifjdwolf",
    "created_date": "2021-06-15T21:31:58.644",
    "unique_code": "1d438920-ce21-11eb-95d9-39dbe5bfe09b"
  }
},
{
  "model": "project.comment",
  "pk": 104,
  "fields": {
    "ordering": 0,
    "parent": null,
    "post": 59,
    "author": 77,
    "text": "",
    "created_date": "2021-06-15T21:48:01.409",
    "unique_code": "59b9d420-ce23-11eb-b51b-731be6537614"
  }
},
{
  "model": "project.comment",
  "pk": 105,
  "fields": {
    "ordering": 0,
    "parent": null,
    "post": 60,
    "author": 80,
    "text": "chis",
    "created_date": "2021-06-15T21:58:02.399",
    "unique_code": "c097a400-ce24-11eb-b51b-731be6537614"
  }
},
{
  "model": "project.comment",
  "pk": 108,
  "fields": {
    "ordering": 0,
    "parent": null,
    "post": 52,
    "author": 59,
    "text": "Hiii",
    "created_date": "2021-06-16T05:37:10.620",
    "unique_code": "e3bd5660-ce64-11eb-8bf9-755d622d5208"
  }
},
{
  "model": "project.comment",
  "pk": 109,
  "fields": {
    "ordering": 0,
    "parent": null,
    "post": 37,
    "author": 59,
    "text": "testing",
    "created_date": "2021-06-16T06:02:26.377",
    "unique_code": "6b0b5ec0-ce68-11eb-8071-35f7eaadf755"
  }
},
{
  "model": "project.comment",
  "pk": 110,
  "fields": {
    "ordering": 0,
    "parent": null,
    "post": 38,
    "author": 59,
    "text": "testing hiii",
    "created_date": "2021-06-16T06:27:42.375",
    "unique_code": "f231e1f0-ce6b-11eb-80f2-0517fb051f27"
  }
},
{
  "model": "project.comment",
  "pk": 112,
  "fields": {
    "ordering": 0,
    "parent": null,
    "post": 85,
    "author": 23,
    "text": "Ciao",
    "created_date": "2021-06-16T21:54:01.448",
    "unique_code": "5b122960-ceed-11eb-b9b8-17bc9b8b3121"
  }
}
]
